id_tempo,data_referencia,ano,mes,trimestre,nome_mes
202201,2022-01-01,2022,1,1,janeiro
202202,2022-02-01,2022,2,1,fevereiro
202203,2022-03-01,2022,3,1,março
202204,2022-04-01,2022,4,2,abril
202205,2022-05-01,2022,5,2,maio
202206,2022-06-01,2022,6,2,junho
202207,2022-07-01,2022,7,3,julho
202208,2022-08-01,2022,8,3,agosto
202209,2022-09-01,2022,9,3,setembro
202210,2022-10-01,2022,10,4,outubro
202211,2022-11-01,2022,11,4,novembro
202212,2022-12-01,2022,12,4,dezembro
202301,2023-01-01,2023,1,1,janeiro
202302,2023-02-01,2023,2,1,fevereiro
202303,2023-03-01,2023,3,1,março
202304,2023-04-01,2023,4,2,abril
202305,2023-05-01,2023,5,2,maio
202306,2023-06-01,2023,6,2,junho
202307,2023-07-01,2023,7,3,julho
202308,2023-08-01,2023,8,3,agosto
202309,2023-09-01,2023,9,3,setembro
202310,2023-10-01,2023,10,4,outubro
202311,2023-11-01,2023,11,4,novembro
202312,2023-12-01,2023,12,4,dezembro
202401,2024-01-01,2024,1,1,janeiro
202402,2024-02-01,2024,2,1,fevereiro
202403,2024-03-01,2024,3,1,março
202404,2024-04-01,2024,4,2,abril
202405,2024-05-01,2024,5,2,maio
202406,2024-06-01,2024,6,2,junho
202407,2024-07-01,2024,7,3,julho
202408,2024-08-01,2024,8,3,agosto
202409,2024-09-01,2024,9,3,setembro
202410,2024-10-01,2024,10,4,outubro
202411,2024-11-01,2024,11,4,novembro
202412,2024-12-01,2024,12,4,dezembro
