cod_ibge,id_produto,ano,quantidade_produzida,unidade_producao,valor_producao_mil_reais
1300029,1,2021,132.0,Toneladas,370.0
1300029,1,2022,128.0,Toneladas,346.0
1300029,1,2023,218.0,Toneladas,719.0
1300029,1,2024,219.0,Toneladas,854.0
1300029,2,2021,250.0,Toneladas,800.0
1300029,2,2022,245.0,Toneladas,809.0
1300029,2,2023,241.0,Toneladas,844.0
1300029,2,2024,200.0,Toneladas,800.0
1300029,3,2021,0.0,Toneladas,6.0
1300029,3,2022,0.0,Toneladas,7.0
1300029,3,2023,0.0,Toneladas,6.0
1300029,3,2024,0.0,Toneladas,6.0
1300060,1,2021,50.0,Toneladas,250.0
1300060,1,2022,96.0,Toneladas,255.0
1300060,1,2023,100.0,Toneladas,300.0
1300060,1,2024,90.0,Toneladas,225.0
1300060,2,2021,136.0,Toneladas,544.0
1300060,2,2022,327.0,Toneladas,1635.0
1300060,2,2023,654.0,Toneladas,3270.0
1300060,2,2024,900.0,Toneladas,3780.0
1300060,3,2021,0.0,Toneladas,0.0
1300060,3,2022,0.0,Toneladas,0.0
1300060,3,2023,0.0,Toneladas,3.0
1300060,3,2024,0.0,Toneladas,3.0
1300086,1,2021,320.0,Toneladas,640.0
1300086,1,2022,330.0,Toneladas,660.0
1300086,1,2023,320.0,Toneladas,800.0
1300086,1,2024,350.0,Toneladas,963.0
1300086,2,2021,18.0,Toneladas,81.0
1300086,2,2022,18.0,Toneladas,80.0
1300086,2,2023,18.0,Toneladas,72.0
1300086,2,2024,20.0,Toneladas,75.0
1300086,3,2021,0.0,Toneladas,0.0
1300086,3,2022,0.0,Toneladas,0.0
1300086,3,2023,0.0,Toneladas,0.0
1300086,3,2024,0.0,Toneladas,0.0
1300102,1,2021,2200.0,Toneladas,4400.0
1300102,1,2022,2500.0,Toneladas,5000.0
1300102,1,2023,2400.0,Toneladas,7200.0
1300102,1,2024,2500.0,Toneladas,8750.0
1300102,2,2021,5.0,Toneladas,16.0
1300102,2,2022,6.0,Toneladas,20.0
1300102,2,2023,5.0,Toneladas,20.0
1300102,2,2024,6.0,Toneladas,21.0
1300102,3,2021,0.0,Toneladas,0.0
1300102,3,2022,0.0,Toneladas,0.0
1300102,3,2023,0.0,Toneladas,0.0
1300102,3,2024,0.0,Toneladas,0.0
1300144,1,2021,41.0,Toneladas,76.0
1300144,1,2022,50.0,Toneladas,100.0
1300144,1,2023,52.0,Toneladas,109.0
1300144,1,2024,45.0,Toneladas,108.0
1300144,2,2021,12.0,Toneladas,46.0
1300144,2,2022,40.0,Toneladas,140.0
1300144,2,2023,42.0,Toneladas,149.0
1300144,2,2024,50.0,Toneladas,180.0
1300144,3,2021,8.0,Toneladas,271.0
1300144,3,2022,25.0,Toneladas,943.0
1300144,3,2023,24.0,Toneladas,837.0
1300144,3,2024,28.0,Toneladas,980.0
1300201,1,2021,90.0,Toneladas,243.0
1300201,1,2022,90.0,Toneladas,270.0
1300201,1,2023,108.0,Toneladas,330.0
1300201,1,2024,115.0,Toneladas,460.0
1300201,2,2021,0.0,Toneladas,0.0
1300201,2,2022,0.0,Toneladas,0.0
1300201,2,2023,0.0,Toneladas,0.0
1300201,2,2024,0.0,Toneladas,0.0
1300201,3,2021,0.0,Toneladas,0.0
1300201,3,2022,0.0,Toneladas,0.0
1300201,3,2023,0.0,Toneladas,0.0
1300201,3,2024,0.0,Toneladas,0.0
1300300,1,2021,97.0,Toneladas,252.0
1300300,1,2022,97.0,Toneladas,252.0
1300300,1,2023,90.0,Toneladas,270.0
1300300,1,2024,105.0,Toneladas,368.0
1300300,2,2021,680.0,Toneladas,1700.0
1300300,2,2022,680.0,Toneladas,1836.0
1300300,2,2023,650.0,Toneladas,2600.0
1300300,2,2024,600.0,Toneladas,2820.0
1300300,3,2021,1.0,Toneladas,13.0
1300300,3,2022,1.0,Toneladas,16.0
1300300,3,2023,1.0,Toneladas,24.0
1300300,3,2024,1.0,Toneladas,25.0
1300409,1,2021,300.0,Toneladas,1800.0
1300409,1,2022,200.0,Toneladas,1500.0
1300409,1,2023,200.0,Toneladas,1500.0
1300409,1,2024,200.0,Toneladas,1502.0
1300409,2,2021,80.0,Toneladas,280.0
1300409,2,2022,50.0,Toneladas,250.0
1300409,2,2023,50.0,Toneladas,250.0
1300409,2,2024,17.0,Toneladas,33.0
1300409,3,2021,0.0,Toneladas,0.0
1300409,3,2022,0.0,Toneladas,0.0
1300409,3,2023,0.0,Toneladas,0.0
1300409,3,2024,0.0,Toneladas,0.0
1300508,1,2021,110.0,Toneladas,253.0
1300508,1,2022,100.0,Toneladas,250.0
1300508,1,2023,110.0,Toneladas,286.0
1300508,1,2024,115.0,Toneladas,322.0
1300508,2,2021,31.0,Toneladas,126.0
1300508,2,2022,32.0,Toneladas,142.0
1300508,2,2023,32.0,Toneladas,160.0
1300508,2,2024,40.0,Toneladas,196.0
1300508,3,2021,0.0,Toneladas,6.0
1300508,3,2022,0.0,Toneladas,6.0
1300508,3,2023,0.0,Toneladas,6.0
1300508,3,2024,0.0,Toneladas,8.0
1300607,1,2021,,Toneladas,
1300607,1,2022,175.0,Toneladas,227.0
1300607,1,2023,124.0,Toneladas,330.0
1300607,1,2024,125.0,Toneladas,281.0
1300607,2,2021,,Toneladas,
1300607,2,2022,0.0,Toneladas,0.0
1300607,2,2023,0.0,Toneladas,0.0
1300607,2,2024,0.0,Toneladas,0.0
1300607,3,2021,,Toneladas,
1300607,3,2022,0.0,Toneladas,0.0
1300607,3,2023,0.0,Toneladas,0.0
1300607,3,2024,0.0,Toneladas,0.0
1300631,1,2021,438.0,Toneladas,788.0
1300631,1,2022,447.0,Toneladas,849.0
1300631,1,2023,450.0,Toneladas,878.0
1300631,1,2024,166.0,Toneladas,664.0
1300631,2,2021,500.0,Toneladas,3000.0
1300631,2,2022,490.0,Toneladas,2695.0
1300631,2,2023,500.0,Toneladas,3000.0
1300631,2,2024,114.0,Toneladas,800.0
1300631,3,2021,0.0,Toneladas,0.0
1300631,3,2022,0.0,Toneladas,0.0
1300631,3,2023,0.0,Toneladas,0.0
1300631,3,2024,0.0,Toneladas,0.0
1300680,1,2021,9.0,Toneladas,22.0
1300680,1,2022,10.0,Toneladas,28.0
1300680,1,2023,12.0,Toneladas,40.0
1300680,1,2024,12.0,Toneladas,46.0
1300680,2,2021,9.0,Toneladas,29.0
1300680,2,2022,8.0,Toneladas,28.0
1300680,2,2023,8.0,Toneladas,27.0
1300680,2,2024,8.0,Toneladas,31.0
1300680,3,2021,0.0,Toneladas,0.0
1300680,3,2022,0.0,Toneladas,0.0
1300680,3,2023,0.0,Toneladas,5.0
1300680,3,2024,0.0,Toneladas,5.0
1300706,1,2021,780.0,Toneladas,1014.0
1300706,1,2022,769.0,Toneladas,1038.0
1300706,1,2023,780.0,Toneladas,1131.0
1300706,1,2024,800.0,Toneladas,1200.0
1300706,2,2021,895.0,Toneladas,4967.0
1300706,2,2022,1112.0,Toneladas,6226.0
1300706,2,2023,1170.0,Toneladas,6611.0
1300706,2,2024,800.0,Toneladas,4800.0
1300706,3,2021,1.0,Toneladas,14.0
1300706,3,2022,1.0,Toneladas,11.0
1300706,3,2023,1.0,Toneladas,12.0
1300706,3,2024,1.0,Toneladas,42.0
1300805,1,2021,400.0,Toneladas,840.0
1300805,1,2022,410.0,Toneladas,902.0
1300805,1,2023,380.0,Toneladas,760.0
1300805,1,2024,400.0,Toneladas,880.0
1300805,2,2021,65.0,Toneladas,221.0
1300805,2,2022,67.0,Toneladas,235.0
1300805,2,2023,70.0,Toneladas,252.0
1300805,2,2024,100.0,Toneladas,370.0
1300805,3,2021,1.0,Toneladas,23.0
1300805,3,2022,1.0,Toneladas,24.0
1300805,3,2023,1.0,Toneladas,23.0
1300805,3,2024,1.0,Toneladas,28.0
1300839,1,2021,2.0,Toneladas,4.0
1300839,1,2022,3.0,Toneladas,6.0
1300839,1,2023,7.0,Toneladas,20.0
1300839,1,2024,127.0,Toneladas,549.0
1300839,2,2021,0.0,Toneladas,0.0
1300839,2,2022,0.0,Toneladas,1.0
1300839,2,2023,1.0,Toneladas,3.0
1300839,2,2024,175.0,Toneladas,467.0
1300839,3,2021,0.0,Toneladas,1.0
1300839,3,2022,1.0,Toneladas,2.0
1300839,3,2023,0.0,Toneladas,2.0
1300839,3,2024,0.0,Toneladas,0.0
1300904,1,2021,70.0,Toneladas,210.0
1300904,1,2022,76.0,Toneladas,228.0
1300904,1,2023,162.0,Toneladas,478.0
1300904,1,2024,210.0,Toneladas,546.0
1300904,2,2021,170.0,Toneladas,468.0
1300904,2,2022,150.0,Toneladas,375.0
1300904,2,2023,187.0,Toneladas,458.0
1300904,2,2024,217.0,Toneladas,531.0
1300904,3,2021,4.0,Toneladas,112.0
1300904,3,2022,4.0,Toneladas,152.0
1300904,3,2023,4.0,Toneladas,152.0
1300904,3,2024,2.0,Toneladas,80.0
1301001,1,2021,790.0,Toneladas,1106.0
1301001,1,2022,800.0,Toneladas,1160.0
1301001,1,2023,240.0,Toneladas,384.0
1301001,1,2024,221.0,Toneladas,354.0
1301001,2,2021,0.0,Toneladas,0.0
1301001,2,2022,0.0,Toneladas,0.0
1301001,2,2023,0.0,Toneladas,0.0
1301001,2,2024,0.0,Toneladas,0.0
1301001,3,2021,0.0,Toneladas,0.0
1301001,3,2022,0.0,Toneladas,0.0
1301001,3,2023,0.0,Toneladas,0.0
1301001,3,2024,0.0,Toneladas,0.0
1301100,1,2021,180.0,Toneladas,378.0
1301100,1,2022,200.0,Toneladas,500.0
1301100,1,2023,190.0,Toneladas,380.0
1301100,1,2024,200.0,Toneladas,500.0
1301100,2,2021,20.0,Toneladas,60.0
1301100,2,2022,23.0,Toneladas,74.0
1301100,2,2023,20.0,Toneladas,80.0
1301100,2,2024,22.0,Toneladas,103.0
1301100,3,2021,0.0,Toneladas,0.0
1301100,3,2022,0.0,Toneladas,0.0
1301100,3,2023,0.0,Toneladas,0.0
1301100,3,2024,0.0,Toneladas,0.0
1301159,1,2021,,Toneladas,
1301159,1,2022,0.0,Toneladas,0.0
1301159,1,2023,0.0,Toneladas,0.0
1301159,1,2024,0.0,Toneladas,0.0
1301159,2,2021,,Toneladas,
1301159,2,2022,0.0,Toneladas,0.0
1301159,2,2023,0.0,Toneladas,0.0
1301159,2,2024,0.0,Toneladas,0.0
1301159,3,2021,,Toneladas,
1301159,3,2022,0.0,Toneladas,0.0
1301159,3,2023,0.0,Toneladas,0.0
1301159,3,2024,0.0,Toneladas,0.0
1301209,1,2021,2200.0,Toneladas,3300.0
1301209,1,2022,2500.0,Toneladas,5000.0
1301209,1,2023,2200.0,Toneladas,5500.0
1301209,1,2024,2100.0,Toneladas,5775.0
1301209,2,2021,430.0,Toneladas,1290.0
1301209,2,2022,420.0,Toneladas,1260.0
1301209,2,2023,430.0,Toneladas,1720.0
1301209,2,2024,450.0,Toneladas,1688.0
1301209,3,2021,1.0,Toneladas,35.0
1301209,3,2022,1.0,Toneladas,32.0
1301209,3,2023,1.0,Toneladas,35.0
1301209,3,2024,1.0,Toneladas,40.0
1301308,1,2021,12000.0,Toneladas,20400.0
1301308,1,2022,12700.0,Toneladas,25400.0
1301308,1,2023,13000.0,Toneladas,29250.0
1301308,1,2024,13000.0,Toneladas,32500.0
1301308,2,2021,730.0,Toneladas,2044.0
1301308,2,2022,700.0,Toneladas,2100.0
1301308,2,2023,750.0,Toneladas,2625.0
1301308,2,2024,720.0,Toneladas,2700.0
1301308,3,2021,0.0,Toneladas,7.0
1301308,3,2022,0.0,Toneladas,6.0
1301308,3,2023,0.0,Toneladas,6.0
1301308,3,2024,0.0,Toneladas,6.0
1301407,1,2021,100.0,Toneladas,150.0
1301407,1,2022,859.0,Toneladas,1545.0
1301407,1,2023,350.0,Toneladas,700.0
1301407,1,2024,450.0,Toneladas,630.0
1301407,2,2021,0.0,Toneladas,0.0
1301407,2,2022,0.0,Toneladas,0.0
1301407,2,2023,5.0,Toneladas,18.0
1301407,2,2024,7.0,Toneladas,14.0
1301407,3,2021,0.0,Toneladas,0.0
1301407,3,2022,0.0,Toneladas,0.0
1301407,3,2023,0.0,Toneladas,0.0
1301407,3,2024,0.0,Toneladas,0.0
1301506,1,2021,140.0,Toneladas,504.0
1301506,1,2022,170.0,Toneladas,510.0
1301506,1,2023,172.0,Toneladas,429.0
1301506,1,2024,612.0,Toneladas,1102.0
1301506,2,2021,0.0,Toneladas,0.0
1301506,2,2022,0.0,Toneladas,0.0
1301506,2,2023,0.0,Toneladas,0.0
1301506,2,2024,0.0,Toneladas,0.0
1301506,3,2021,0.0,Toneladas,0.0
1301506,3,2022,0.0,Toneladas,0.0
1301506,3,2023,0.0,Toneladas,0.0
1301506,3,2024,0.0,Toneladas,0.0
1301605,1,2021,180.0,Toneladas,378.0
1301605,1,2022,150.0,Toneladas,375.0
1301605,1,2023,160.0,Toneladas,400.0
1301605,1,2024,170.0,Toneladas,493.0
1301605,2,2021,120.0,Toneladas,336.0
1301605,2,2022,100.0,Toneladas,290.0
1301605,2,2023,33.0,Toneladas,110.0
1301605,2,2024,31.0,Toneladas,105.0
1301605,3,2021,2.0,Toneladas,38.0
1301605,3,2022,2.0,Toneladas,68.0
1301605,3,2023,1.0,Toneladas,65.0
1301605,3,2024,1.0,Toneladas,54.0
1301654,1,2021,45.0,Toneladas,68.0
1301654,1,2022,51.0,Toneladas,76.0
1301654,1,2023,60.0,Toneladas,102.0
1301654,1,2024,65.0,Toneladas,117.0
1301654,2,2021,0.0,Toneladas,0.0
1301654,2,2022,0.0,Toneladas,0.0
1301654,2,2023,0.0,Toneladas,0.0
1301654,2,2024,0.0,Toneladas,0.0
1301654,3,2021,0.0,Toneladas,0.0
1301654,3,2022,0.0,Toneladas,0.0
1301654,3,2023,0.0,Toneladas,0.0
1301654,3,2024,0.0,Toneladas,0.0
1301704,1,2021,4750.0,Toneladas,7363.0
1301704,1,2022,6800.0,Toneladas,10540.0
1301704,1,2023,7.0,Toneladas,10.0
1301704,1,2024,6500.0,Toneladas,9750.0
1301704,2,2021,4540.0,Toneladas,12031.0
1301704,2,2022,6500.0,Toneladas,15925.0
1301704,2,2023,7.0,Toneladas,17.0
1301704,2,2024,1010.0,Toneladas,2727.0
1301704,3,2021,6.0,Toneladas,80.0
1301704,3,2022,8.0,Toneladas,126.0
1301704,3,2023,5.0,Toneladas,80.0
1301704,3,2024,5.0,Toneladas,182.0
1301803,1,2021,15.0,Toneladas,30.0
1301803,1,2022,15.0,Toneladas,30.0
1301803,1,2023,25.0,Toneladas,40.0
1301803,1,2024,26.0,Toneladas,42.0
1301803,2,2021,1.0,Toneladas,7.0
1301803,2,2022,1.0,Toneladas,8.0
1301803,2,2023,1.0,Toneladas,8.0
1301803,2,2024,1.0,Toneladas,7.0
1301803,3,2021,0.0,Toneladas,0.0
1301803,3,2022,0.0,Toneladas,0.0
1301803,3,2023,0.0,Toneladas,0.0
1301803,3,2024,0.0,Toneladas,0.0
1301852,1,2021,360.0,Toneladas,1080.0
1301852,1,2022,380.0,Toneladas,1216.0
1301852,1,2023,350.0,Toneladas,1400.0
1301852,1,2024,400.0,Toneladas,1600.0
1301852,2,2021,5.0,Toneladas,12.0
1301852,2,2022,5.0,Toneladas,12.0
1301852,2,2023,5.0,Toneladas,14.0
1301852,2,2024,4.0,Toneladas,12.0
1301852,3,2021,0.0,Toneladas,0.0
1301852,3,2022,0.0,Toneladas,0.0
1301852,3,2023,0.0,Toneladas,0.0
1301852,3,2024,0.0,Toneladas,0.0
1301902,1,2021,3150.0,Toneladas,15750.0
1301902,1,2022,3900.0,Toneladas,19500.0
1301902,1,2023,3800.0,Toneladas,26600.0
1301902,1,2024,3600.0,Toneladas,16200.0
1301902,2,2021,43.0,Toneladas,194.0
1301902,2,2022,38.0,Toneladas,190.0
1301902,2,2023,36.0,Toneladas,180.0
1301902,2,2024,34.0,Toneladas,170.0
1301902,3,2021,0.0,Toneladas,10.0
1301902,3,2022,0.0,Toneladas,9.0
1301902,3,2023,0.0,Toneladas,11.0
1301902,3,2024,0.0,Toneladas,10.0
1301951,1,2021,605.0,Toneladas,1451.0
1301951,1,2022,604.0,Toneladas,1510.0
1301951,1,2023,300.0,Toneladas,750.0
1301951,1,2024,150.0,Toneladas,360.0
1301951,2,2021,0.0,Toneladas,0.0
1301951,2,2022,0.0,Toneladas,0.0
1301951,2,2023,0.0,Toneladas,0.0
1301951,2,2024,0.0,Toneladas,0.0
1301951,3,2021,0.0,Toneladas,0.0
1301951,3,2022,0.0,Toneladas,0.0
1301951,3,2023,0.0,Toneladas,0.0
1301951,3,2024,0.0,Toneladas,0.0
1302009,1,2021,400.0,Toneladas,1400.0
1302009,1,2022,420.0,Toneladas,2100.0
1302009,1,2023,400.0,Toneladas,2400.0
1302009,1,2024,360.0,Toneladas,1800.0
1302009,2,2021,0.0,Toneladas,0.0
1302009,2,2022,0.0,Toneladas,0.0
1302009,2,2023,0.0,Toneladas,0.0
1302009,2,2024,0.0,Toneladas,0.0
1302009,3,2021,2.0,Toneladas,29.0
1302009,3,2022,2.0,Toneladas,30.0
1302009,3,2023,2.0,Toneladas,30.0
1302009,3,2024,2.0,Toneladas,31.0
1302108,1,2021,202.0,Toneladas,545.0
1302108,1,2022,200.0,Toneladas,500.0
1302108,1,2023,180.0,Toneladas,522.0
1302108,1,2024,200.0,Toneladas,680.0
1302108,2,2021,14.0,Toneladas,59.0
1302108,2,2022,15.0,Toneladas,76.0
1302108,2,2023,14.0,Toneladas,74.0
1302108,2,2024,13.0,Toneladas,75.0
1302108,3,2021,1.0,Toneladas,13.0
1302108,3,2022,1.0,Toneladas,13.0
1302108,3,2023,1.0,Toneladas,17.0
1302108,3,2024,1.0,Toneladas,15.0
1302207,1,2021,450.0,Toneladas,630.0
1302207,1,2022,500.0,Toneladas,700.0
1302207,1,2023,560.0,Toneladas,840.0
1302207,1,2024,550.0,Toneladas,935.0
1302207,2,2021,8.0,Toneladas,32.0
1302207,2,2022,8.0,Toneladas,34.0
1302207,2,2023,7.0,Toneladas,28.0
1302207,2,2024,7.0,Toneladas,32.0
1302207,3,2021,0.0,Toneladas,0.0
1302207,3,2022,0.0,Toneladas,0.0
1302207,3,2023,0.0,Toneladas,21.0
1302207,3,2024,0.0,Toneladas,16.0
1302306,1,2021,220.0,Toneladas,770.0
1302306,1,2022,480.0,Toneladas,1920.0
1302306,1,2023,500.0,Toneladas,2500.0
1302306,1,2024,460.0,Toneladas,2392.0
1302306,2,2021,27.0,Toneladas,68.0
1302306,2,2022,28.0,Toneladas,72.0
1302306,2,2023,25.0,Toneladas,71.0
1302306,2,2024,22.0,Toneladas,66.0
1302306,3,2021,4.0,Toneladas,32.0
1302306,3,2022,4.0,Toneladas,36.0
1302306,3,2023,13.0,Toneladas,130.0
1302306,3,2024,11.0,Toneladas,333.0
1302405,1,2021,4650.0,Toneladas,8138.0
1302405,1,2022,4680.0,Toneladas,9360.0
1302405,1,2023,2500.0,Toneladas,5375.0
1302405,1,2024,2510.0,Toneladas,5271.0
1302405,2,2021,418.0,Toneladas,1192.0
1302405,2,2022,548.0,Toneladas,2082.0
1302405,2,2023,750.0,Toneladas,1613.0
1302405,2,2024,800.0,Toneladas,2040.0
1302405,3,2021,4.0,Toneladas,116.0
1302405,3,2022,40.0,Toneladas,1600.0
1302405,3,2023,20.0,Toneladas,940.0
1302405,3,2024,22.0,Toneladas,1100.0
1302504,1,2021,176.0,Toneladas,316.0
1302504,1,2022,688.0,Toneladas,1651.0
1302504,1,2023,800.0,Toneladas,2000.0
1302504,1,2024,4000.0,Toneladas,11200.0
1302504,2,2021,15.0,Toneladas,61.0
1302504,2,2022,17.0,Toneladas,126.0
1302504,2,2023,18.0,Toneladas,53.0
1302504,2,2024,19.0,Toneladas,59.0
1302504,3,2021,0.0,Toneladas,0.0
1302504,3,2022,0.0,Toneladas,0.0
1302504,3,2023,0.0,Toneladas,0.0
1302504,3,2024,0.0,Toneladas,0.0
1302553,1,2021,1285.0,Toneladas,2699.0
1302553,1,2022,1310.0,Toneladas,3144.0
1302553,1,2023,1300.0,Toneladas,3380.0
1302553,1,2024,1100.0,Toneladas,3300.0
1302553,2,2021,22.0,Toneladas,55.0
1302553,2,2022,25.0,Toneladas,68.0
1302553,2,2023,26.0,Toneladas,66.0
1302553,2,2024,25.0,Toneladas,100.0
1302553,3,2021,0.0,Toneladas,0.0
1302553,3,2022,0.0,Toneladas,0.0
1302553,3,2023,0.0,Toneladas,0.0
1302553,3,2024,0.0,Toneladas,0.0
1302603,1,2021,564.0,Toneladas,1410.0
1302603,1,2022,618.0,Toneladas,1854.0
1302603,1,2023,618.0,Toneladas,1916.0
1302603,1,2024,600.0,Toneladas,1860.0
1302603,2,2021,0.0,Toneladas,0.0
1302603,2,2022,0.0,Toneladas,0.0
1302603,2,2023,0.0,Toneladas,0.0
1302603,2,2024,0.0,Toneladas,0.0
1302603,3,2021,0.0,Toneladas,0.0
1302603,3,2022,0.0,Toneladas,0.0
1302603,3,2023,0.0,Toneladas,0.0
1302603,3,2024,0.0,Toneladas,0.0
1302702,1,2021,2850.0,Toneladas,3563.0
1302702,1,2022,4800.0,Toneladas,7488.0
1302702,1,2023,4900.0,Toneladas,9065.0
1302702,1,2024,4165.0,Toneladas,7914.0
1302702,2,2021,460.0,Toneladas,1771.0
1302702,2,2022,500.0,Toneladas,2000.0
1302702,2,2023,550.0,Toneladas,1650.0
1302702,2,2024,440.0,Toneladas,1540.0
1302702,3,2021,5.0,Toneladas,153.0
1302702,3,2022,5.0,Toneladas,175.0
1302702,3,2023,4.0,Toneladas,160.0
1302702,3,2024,3.0,Toneladas,120.0
1302801,1,2021,90.0,Toneladas,144.0
1302801,1,2022,95.0,Toneladas,162.0
1302801,1,2023,10.0,Toneladas,30.0
1302801,1,2024,250.0,Toneladas,1250.0
1302801,2,2021,5.0,Toneladas,14.0
1302801,2,2022,5.0,Toneladas,14.0
1302801,2,2023,12.0,Toneladas,30.0
1302801,2,2024,50.0,Toneladas,150.0
1302801,3,2021,4.0,Toneladas,50.0
1302801,3,2022,4.0,Toneladas,46.0
1302801,3,2023,3.0,Toneladas,26.0
1302801,3,2024,2.0,Toneladas,58.0
1302900,1,2021,250.0,Toneladas,488.0
1302900,1,2022,251.0,Toneladas,565.0
1302900,1,2023,255.0,Toneladas,638.0
1302900,1,2024,280.0,Toneladas,784.0
1302900,2,2021,195.0,Toneladas,780.0
1302900,2,2022,180.0,Toneladas,810.0
1302900,2,2023,185.0,Toneladas,925.0
1302900,2,2024,195.0,Toneladas,1131.0
1302900,3,2021,6.0,Toneladas,145.0
1302900,3,2022,5.0,Toneladas,156.0
1302900,3,2023,5.0,Toneladas,165.0
1302900,3,2024,5.0,Toneladas,179.0
1303007,1,2021,6.0,Toneladas,11.0
1303007,1,2022,6.0,Toneladas,12.0
1303007,1,2023,6.0,Toneladas,12.0
1303007,1,2024,2.0,Toneladas,6.0
1303007,2,2021,15.0,Toneladas,73.0
1303007,2,2022,18.0,Toneladas,81.0
1303007,2,2023,18.0,Toneladas,91.0
1303007,2,2024,96.0,Toneladas,280.0
1303007,3,2021,9.0,Toneladas,310.0
1303007,3,2022,8.0,Toneladas,320.0
1303007,3,2023,8.0,Toneladas,338.0
1303007,3,2024,10.0,Toneladas,460.0
1303106,1,2021,600.0,Toneladas,1080.0
1303106,1,2022,700.0,Toneladas,1400.0
1303106,1,2023,450.0,Toneladas,1125.0
1303106,1,2024,520.0,Toneladas,1092.0
1303106,2,2021,250.0,Toneladas,825.0
1303106,2,2022,300.0,Toneladas,1080.0
1303106,2,2023,510.0,Toneladas,2040.0
1303106,2,2024,500.0,Toneladas,2000.0
1303106,3,2021,7.0,Toneladas,245.0
1303106,3,2022,8.0,Toneladas,320.0
1303106,3,2023,12.0,Toneladas,540.0
1303106,3,2024,10.0,Toneladas,450.0
1303205,1,2021,40.0,Toneladas,80.0
1303205,1,2022,160.0,Toneladas,560.0
1303205,1,2023,160.0,Toneladas,640.0
1303205,1,2024,168.0,Toneladas,756.0
1303205,2,2021,24.0,Toneladas,120.0
1303205,2,2022,33.0,Toneladas,124.0
1303205,2,2023,50.0,Toneladas,225.0
1303205,2,2024,13.0,Toneladas,64.0
1303205,3,2021,0.0,Toneladas,0.0
1303205,3,2022,0.0,Toneladas,0.0
1303205,3,2023,0.0,Toneladas,0.0
1303205,3,2024,0.0,Toneladas,0.0
1303304,1,2021,810.0,Toneladas,972.0
1303304,1,2022,820.0,Toneladas,1173.0
1303304,1,2023,950.0,Toneladas,1900.0
1303304,1,2024,910.0,Toneladas,2275.0
1303304,2,2021,54.0,Toneladas,160.0
1303304,2,2022,60.0,Toneladas,201.0
1303304,2,2023,100.0,Toneladas,330.0
1303304,2,2024,120.0,Toneladas,408.0
1303304,3,2021,60.0,Toneladas,1650.0
1303304,3,2022,56.0,Toneladas,1792.0
1303304,3,2023,60.0,Toneladas,2220.0
1303304,3,2024,55.0,Toneladas,2200.0
1303403,1,2021,120.0,Toneladas,300.0
1303403,1,2022,55.0,Toneladas,132.0
1303403,1,2023,41.0,Toneladas,109.0
1303403,1,2024,38.0,Toneladas,114.0
1303403,2,2021,106.0,Toneladas,312.0
1303403,2,2022,110.0,Toneladas,319.0
1303403,2,2023,125.0,Toneladas,425.0
1303403,2,2024,120.0,Toneladas,420.0
1303403,3,2021,2.0,Toneladas,77.0
1303403,3,2022,2.0,Toneladas,81.0
1303403,3,2023,8.0,Toneladas,325.0
1303403,3,2024,10.0,Toneladas,500.0
1303502,1,2021,7.0,Toneladas,9.0
1303502,1,2022,75.0,Toneladas,111.0
1303502,1,2023,80.0,Toneladas,124.0
1303502,1,2024,82.0,Toneladas,123.0
1303502,2,2021,82.0,Toneladas,193.0
1303502,2,2022,80.0,Toneladas,222.0
1303502,2,2023,85.0,Toneladas,213.0
1303502,2,2024,88.0,Toneladas,229.0
1303502,3,2021,1.0,Toneladas,3.0
1303502,3,2022,1.0,Toneladas,30.0
1303502,3,2023,1.0,Toneladas,35.0
1303502,3,2024,1.0,Toneladas,35.0
1303536,1,2021,500.0,Toneladas,1000.0
1303536,1,2022,560.0,Toneladas,1232.0
1303536,1,2023,650.0,Toneladas,1560.0
1303536,1,2024,600.0,Toneladas,1440.0
1303536,2,2021,3.0,Toneladas,13.0
1303536,2,2022,4.0,Toneladas,14.0
1303536,2,2023,4.0,Toneladas,195.0
1303536,2,2024,4.0,Toneladas,200.0
1303536,3,2021,0.0,Toneladas,0.0
1303536,3,2022,0.0,Toneladas,0.0
1303536,3,2023,0.0,Toneladas,0.0
1303536,3,2024,0.0,Toneladas,0.0
1303569,1,2021,5.0,Toneladas,15.0
1303569,1,2022,6.0,Toneladas,17.0
1303569,1,2023,12.0,Toneladas,34.0
1303569,1,2024,10.0,Toneladas,28.0
1303569,2,2021,8.0,Toneladas,28.0
1303569,2,2022,8.0,Toneladas,32.0
1303569,2,2023,9.0,Toneladas,41.0
1303569,2,2024,8.0,Toneladas,36.0
1303569,3,2021,0.0,Toneladas,0.0
1303569,3,2022,0.0,Toneladas,0.0
1303569,3,2023,0.0,Toneladas,0.0
1303569,3,2024,0.0,Toneladas,0.0
1303601,1,2021,150.0,Toneladas,1050.0
1303601,1,2022,448.0,Toneladas,2291.0
1303601,1,2023,500.0,Toneladas,1830.0
1303601,1,2024,95.0,Toneladas,285.0
1303601,2,2021,0.0,Toneladas,0.0
1303601,2,2022,0.0,Toneladas,0.0
1303601,2,2023,0.0,Toneladas,0.0
1303601,2,2024,21.0,Toneladas,82.0
1303601,3,2021,0.0,Toneladas,0.0
1303601,3,2022,0.0,Toneladas,0.0
1303601,3,2023,0.0,Toneladas,0.0
1303601,3,2024,0.0,Toneladas,0.0
1303700,1,2021,140.0,Toneladas,140.0
1303700,1,2022,140.0,Toneladas,204.0
1303700,1,2023,100.0,Toneladas,191.0
1303700,1,2024,101.0,Toneladas,202.0
1303700,2,2021,85.0,Toneladas,255.0
1303700,2,2022,85.0,Toneladas,340.0
1303700,2,2023,80.0,Toneladas,613.0
1303700,2,2024,50.0,Toneladas,375.0
1303700,3,2021,1.0,Toneladas,48.0
1303700,3,2022,1.0,Toneladas,48.0
1303700,3,2023,1.0,Toneladas,106.0
1303700,3,2024,3.0,Toneladas,450.0
1303809,1,2021,300.0,Toneladas,1051.0
1303809,1,2022,301.0,Toneladas,902.0
1303809,1,2023,200.0,Toneladas,1000.0
1303809,1,2024,250.0,Toneladas,1500.0
1303809,2,2021,0.0,Toneladas,0.0
1303809,2,2022,0.0,Toneladas,0.0
1303809,2,2023,4.0,Toneladas,40.0
1303809,2,2024,4.0,Toneladas,39.0
1303809,3,2021,0.0,Toneladas,0.0
1303809,3,2022,0.0,Toneladas,0.0
1303809,3,2023,2.0,Toneladas,60.0
1303809,3,2024,2.0,Toneladas,60.0
1303908,1,2021,50.0,Toneladas,375.0
1303908,1,2022,25.0,Toneladas,90.0
1303908,1,2023,25.0,Toneladas,90.0
1303908,1,2024,26.0,Toneladas,41.0
1303908,2,2021,150.0,Toneladas,495.0
1303908,2,2022,200.0,Toneladas,520.0
1303908,2,2023,120.0,Toneladas,288.0
1303908,2,2024,120.0,Toneladas,240.0
1303908,3,2021,0.0,Toneladas,9.0
1303908,3,2022,0.0,Toneladas,40.0
1303908,3,2023,0.0,Toneladas,49.0
1303908,3,2024,0.0,Toneladas,20.0
1303957,1,2021,58.0,Toneladas,181.0
1303957,1,2022,56.0,Toneladas,196.0
1303957,1,2023,80.0,Toneladas,400.0
1303957,1,2024,70.0,Toneladas,315.0
1303957,2,2021,71.0,Toneladas,497.0
1303957,2,2022,70.0,Toneladas,525.0
1303957,2,2023,60.0,Toneladas,510.0
1303957,2,2024,50.0,Toneladas,400.0
1303957,3,2021,3.0,Toneladas,60.0
1303957,3,2022,3.0,Toneladas,78.0
1303957,3,2023,4.0,Toneladas,123.0
1303957,3,2024,6.0,Toneladas,180.0
1304005,1,2021,260.0,Toneladas,988.0
1304005,1,2022,275.0,Toneladas,1100.0
1304005,1,2023,250.0,Toneladas,1250.0
1304005,1,2024,240.0,Toneladas,1080.0
1304005,2,2021,0.0,Toneladas,0.0
1304005,2,2022,0.0,Toneladas,0.0
1304005,2,2023,0.0,Toneladas,0.0
1304005,2,2024,0.0,Toneladas,0.0
1304005,3,2021,5.0,Toneladas,202.0
1304005,3,2022,5.0,Toneladas,209.0
1304005,3,2023,4.0,Toneladas,162.0
1304005,3,2024,4.0,Toneladas,158.0
1304062,1,2021,80.0,Toneladas,160.0
1304062,1,2022,90.0,Toneladas,270.0
1304062,1,2023,90.0,Toneladas,270.0
1304062,1,2024,95.0,Toneladas,285.0
1304062,2,2021,5.0,Toneladas,25.0
1304062,2,2022,4.0,Toneladas,20.0
1304062,2,2023,4.0,Toneladas,20.0
1304062,2,2024,15.0,Toneladas,75.0
1304062,3,2021,0.0,Toneladas,0.0
1304062,3,2022,0.0,Toneladas,0.0
1304062,3,2023,0.0,Toneladas,0.0
1304062,3,2024,0.0,Toneladas,0.0
1304104,1,2021,235.0,Toneladas,552.0
1304104,1,2022,240.0,Toneladas,571.0
1304104,1,2023,350.0,Toneladas,910.0
1304104,1,2024,315.0,Toneladas,1181.0
1304104,2,2021,48.0,Toneladas,161.0
1304104,2,2022,50.0,Toneladas,170.0
1304104,2,2023,1800.0,Toneladas,5940.0
1304104,2,2024,1530.0,Toneladas,7650.0
1304104,3,2021,2.0,Toneladas,37.0
1304104,3,2022,3.0,Toneladas,48.0
1304104,3,2023,50.0,Toneladas,2500.0
1304104,3,2024,52.0,Toneladas,2860.0
1304203,1,2021,543.0,Toneladas,1629.0
1304203,1,2022,540.0,Toneladas,1566.0
1304203,1,2023,1020.0,Toneladas,4080.0
1304203,1,2024,990.0,Toneladas,4455.0
1304203,2,2021,650.0,Toneladas,2080.0
1304203,2,2022,645.0,Toneladas,2000.0
1304203,2,2023,1530.0,Toneladas,4223.0
1304203,2,2024,1500.0,Toneladas,4500.0
1304203,3,2021,0.0,Toneladas,4.0
1304203,3,2022,0.0,Toneladas,4.0
1304203,3,2023,0.0,Toneladas,3.0
1304203,3,2024,0.0,Toneladas,6.0
1304237,1,2021,62.0,Toneladas,248.0
1304237,1,2022,62.0,Toneladas,103.0
1304237,1,2023,60.0,Toneladas,176.0
1304237,1,2024,45.0,Toneladas,113.0
1304237,2,2021,107.0,Toneladas,426.0
1304237,2,2022,107.0,Toneladas,362.0
1304237,2,2023,106.0,Toneladas,721.0
1304237,2,2024,60.0,Toneladas,135.0
1304237,3,2021,0.0,Toneladas,0.0
1304237,3,2022,0.0,Toneladas,0.0
1304237,3,2023,0.0,Toneladas,0.0
1304237,3,2024,0.0,Toneladas,0.0
1304260,1,2021,72.0,Toneladas,250.0
1304260,1,2022,11.0,Toneladas,11.0
1304260,1,2023,24.0,Toneladas,24.0
1304260,1,2024,32.0,Toneladas,160.0
1304260,2,2021,82.0,Toneladas,263.0
1304260,2,2022,82.0,Toneladas,372.0
1304260,2,2023,80.0,Toneladas,256.0
1304260,2,2024,84.0,Toneladas,294.0
1304260,3,2021,0.0,Toneladas,0.0
1304260,3,2022,0.0,Toneladas,0.0
1304260,3,2023,0.0,Toneladas,0.0
1304260,3,2024,0.0,Toneladas,0.0
1304302,1,2021,335.0,Toneladas,1072.0
1304302,1,2022,340.0,Toneladas,1139.0
1304302,1,2023,280.0,Toneladas,910.0
1304302,1,2024,270.0,Toneladas,945.0
1304302,2,2021,80.0,Toneladas,280.0
1304302,2,2022,95.0,Toneladas,380.0
1304302,2,2023,90.0,Toneladas,369.0
1304302,2,2024,80.0,Toneladas,344.0
1304302,3,2021,0.0,Toneladas,2.0
1304302,3,2022,0.0,Toneladas,3.0
1304302,3,2023,0.0,Toneladas,2.0
1304302,3,2024,0.0,Toneladas,2.0
1304401,1,2021,145.0,Toneladas,508.0
1304401,1,2022,170.0,Toneladas,765.0
1304401,1,2023,160.0,Toneladas,640.0
1304401,1,2024,140.0,Toneladas,700.0
1304401,2,2021,14.0,Toneladas,63.0
1304401,2,2022,17.0,Toneladas,85.0
1304401,2,2023,15.0,Toneladas,83.0
1304401,2,2024,13.0,Toneladas,81.0
1304401,3,2021,0.0,Toneladas,2.0
1304401,3,2022,0.0,Toneladas,3.0
1304401,3,2023,0.0,Toneladas,3.0
1304401,3,2024,0.0,Toneladas,2.0
1500107,1,2021,140.0,Toneladas,840.0
1500107,1,2022,130.0,Toneladas,650.0
1500107,1,2023,120.0,Toneladas,720.0
1500107,1,2024,130.0,Toneladas,845.0
1500107,2,2021,24.0,Toneladas,146.0
1500107,2,2022,24.0,Toneladas,159.0
1500107,2,2023,25.0,Toneladas,175.0
1500107,2,2024,26.0,Toneladas,208.0
1500107,3,2021,0.0,Toneladas,0.0
1500107,3,2022,0.0,Toneladas,0.0
1500107,3,2023,0.0,Toneladas,0.0
1500107,3,2024,0.0,Toneladas,0.0
1500131,1,2021,,Toneladas,
1500131,1,2022,0.0,Toneladas,0.0
1500131,1,2023,0.0,Toneladas,0.0
1500131,1,2024,0.0,Toneladas,0.0
1500131,2,2021,,Toneladas,
1500131,2,2022,0.0,Toneladas,0.0
1500131,2,2023,0.0,Toneladas,0.0
1500131,2,2024,0.0,Toneladas,0.0
1500131,3,2021,,Toneladas,
1500131,3,2022,0.0,Toneladas,0.0
1500131,3,2023,0.0,Toneladas,0.0
1500131,3,2024,0.0,Toneladas,0.0
1500206,1,2021,380.0,Toneladas,1064.0
1500206,1,2022,381.0,Toneladas,1105.0
1500206,1,2023,420.0,Toneladas,1302.0
1500206,1,2024,550.0,Toneladas,3300.0
1500206,2,2021,240.0,Toneladas,1200.0
1500206,2,2022,241.0,Toneladas,1133.0
1500206,2,2023,236.0,Toneladas,1156.0
1500206,2,2024,260.0,Toneladas,1430.0
1500206,3,2021,0.0,Toneladas,18.0
1500206,3,2022,0.0,Toneladas,20.0
1500206,3,2023,0.0,Toneladas,18.0
1500206,3,2024,0.0,Toneladas,23.0
1500305,1,2021,10282.0,Toneladas,26732.0
1500305,1,2022,10569.0,Toneladas,29594.0
1500305,1,2023,11350.0,Toneladas,35185.0
1500305,1,2024,11600.0,Toneladas,40600.0
1500305,2,2021,0.0,Toneladas,0.0
1500305,2,2022,0.0,Toneladas,0.0
1500305,2,2023,0.0,Toneladas,0.0
1500305,2,2024,0.0,Toneladas,0.0
1500305,3,2021,0.0,Toneladas,0.0
1500305,3,2022,0.0,Toneladas,0.0
1500305,3,2023,0.0,Toneladas,0.0
1500305,3,2024,0.0,Toneladas,0.0
1500347,1,2021,0.0,Toneladas,0.0
1500347,1,2022,0.0,Toneladas,0.0
1500347,1,2023,0.0,Toneladas,0.0
1500347,1,2024,15.0,Toneladas,53.0
1500347,2,2021,14.0,Toneladas,54.0
1500347,2,2022,14.0,Toneladas,60.0
1500347,2,2023,18.0,Toneladas,90.0
1500347,2,2024,15.0,Toneladas,87.0
1500347,3,2021,0.0,Toneladas,0.0
1500347,3,2022,0.0,Toneladas,0.0
1500347,3,2023,0.0,Toneladas,0.0
1500347,3,2024,0.0,Toneladas,0.0
1500404,1,2021,19.0,Toneladas,56.0
1500404,1,2022,133.0,Toneladas,371.0
1500404,1,2023,109.0,Toneladas,424.0
1500404,1,2024,54.0,Toneladas,282.0
1500404,2,2021,288.0,Toneladas,922.0
1500404,2,2022,975.0,Toneladas,3511.0
1500404,2,2023,790.0,Toneladas,2449.0
1500404,2,2024,481.0,Toneladas,3075.0
1500404,3,2021,0.0,Toneladas,5.0
1500404,3,2022,0.0,Toneladas,6.0
1500404,3,2023,0.0,Toneladas,6.0
1500404,3,2024,0.0,Toneladas,7.0
1500503,1,2021,135.0,Toneladas,371.0
1500503,1,2022,147.0,Toneladas,404.0
1500503,1,2023,155.0,Toneladas,465.0
1500503,1,2024,152.0,Toneladas,501.0
1500503,2,2021,210.0,Toneladas,735.0
1500503,2,2022,212.0,Toneladas,774.0
1500503,2,2023,215.0,Toneladas,806.0
1500503,2,2024,226.0,Toneladas,858.0
1500503,3,2021,0.0,Toneladas,0.0
1500503,3,2022,0.0,Toneladas,0.0
1500503,3,2023,0.0,Toneladas,0.0
1500503,3,2024,0.0,Toneladas,0.0
1500602,1,2021,468.0,Toneladas,1169.0
1500602,1,2022,458.0,Toneladas,1146.0
1500602,1,2023,412.0,Toneladas,1237.0
1500602,1,2024,396.0,Toneladas,1582.0
1500602,2,2021,244.0,Toneladas,853.0
1500602,2,2022,389.0,Toneladas,1556.0
1500602,2,2023,176.0,Toneladas,702.0
1500602,2,2024,161.0,Toneladas,803.0
1500602,3,2021,1.0,Toneladas,53.0
1500602,3,2022,0.0,Toneladas,14.0
1500602,3,2023,0.0,Toneladas,24.0
1500602,3,2024,0.0,Toneladas,20.0
1500701,1,2021,1450.0,Toneladas,5075.0
1500701,1,2022,1550.0,Toneladas,6200.0
1500701,1,2023,1850.0,Toneladas,10175.0
1500701,1,2024,2100.0,Toneladas,12600.0
1500701,2,2021,0.0,Toneladas,0.0
1500701,2,2022,0.0,Toneladas,0.0
1500701,2,2023,0.0,Toneladas,0.0
1500701,2,2024,0.0,Toneladas,0.0
1500701,3,2021,0.0,Toneladas,0.0
1500701,3,2022,0.0,Toneladas,0.0
1500701,3,2023,0.0,Toneladas,0.0
1500701,3,2024,0.0,Toneladas,0.0
1500800,1,2021,95.0,Toneladas,266.0
1500800,1,2022,95.0,Toneladas,276.0
1500800,1,2023,110.0,Toneladas,374.0
1500800,1,2024,130.0,Toneladas,780.0
1500800,2,2021,0.0,Toneladas,0.0
1500800,2,2022,0.0,Toneladas,0.0
1500800,2,2023,0.0,Toneladas,0.0
1500800,2,2024,0.0,Toneladas,0.0
1500800,3,2021,0.0,Toneladas,0.0
1500800,3,2022,0.0,Toneladas,0.0
1500800,3,2023,0.0,Toneladas,0.0
1500800,3,2024,0.0,Toneladas,0.0
1500859,1,2021,21.0,Toneladas,55.0
1500859,1,2022,25.0,Toneladas,63.0
1500859,1,2023,24.0,Toneladas,67.0
1500859,1,2024,22.0,Toneladas,76.0
1500859,2,2021,22.0,Toneladas,55.0
1500859,2,2022,25.0,Toneladas,63.0
1500859,2,2023,29.0,Toneladas,86.0
1500859,2,2024,20.0,Toneladas,70.0
1500859,3,2021,0.0,Toneladas,12.0
1500859,3,2022,0.0,Toneladas,13.0
1500859,3,2023,0.0,Toneladas,24.0
1500859,3,2024,0.0,Toneladas,9.0
1500909,1,2021,75.0,Toneladas,165.0
1500909,1,2022,73.0,Toneladas,291.0
1500909,1,2023,75.0,Toneladas,233.0
1500909,1,2024,86.0,Toneladas,310.0
1500909,2,2021,0.0,Toneladas,0.0
1500909,2,2022,0.0,Toneladas,0.0
1500909,2,2023,0.0,Toneladas,0.0
1500909,2,2024,0.0,Toneladas,0.0
1500909,3,2021,0.0,Toneladas,0.0
1500909,3,2022,0.0,Toneladas,0.0
1500909,3,2023,0.0,Toneladas,0.0
1500909,3,2024,0.0,Toneladas,0.0
1500958,1,2021,370.0,Toneladas,2035.0
1500958,1,2022,350.0,Toneladas,1383.0
1500958,1,2023,360.0,Toneladas,1134.0
1500958,1,2024,365.0,Toneladas,1205.0
1500958,2,2021,12.0,Toneladas,81.0
1500958,2,2022,12.0,Toneladas,96.0
1500958,2,2023,14.0,Toneladas,140.0
1500958,2,2024,15.0,Toneladas,131.0
1500958,3,2021,0.0,Toneladas,0.0
1500958,3,2022,0.0,Toneladas,0.0
1500958,3,2023,0.0,Toneladas,0.0
1500958,3,2024,0.0,Toneladas,0.0
1501006,1,2021,19.0,Toneladas,66.0
1501006,1,2022,290.0,Toneladas,871.0
1501006,1,2023,279.0,Toneladas,892.0
1501006,1,2024,280.0,Toneladas,1121.0
1501006,2,2021,3.0,Toneladas,10.0
1501006,2,2022,3.0,Toneladas,11.0
1501006,2,2023,15.0,Toneladas,50.0
1501006,2,2024,8.0,Toneladas,30.0
1501006,3,2021,0.0,Toneladas,7.0
1501006,3,2022,0.0,Toneladas,8.0
1501006,3,2023,0.0,Toneladas,11.0
1501006,3,2024,0.0,Toneladas,12.0
1501105,1,2021,240.0,Toneladas,912.0
1501105,1,2022,250.0,Toneladas,1300.0
1501105,1,2023,260.0,Toneladas,1430.0
1501105,1,2024,360.0,Toneladas,1980.0
1501105,2,2021,8.0,Toneladas,21.0
1501105,2,2022,8.0,Toneladas,30.0
1501105,2,2023,7.0,Toneladas,32.0
1501105,2,2024,11.0,Toneladas,48.0
1501105,3,2021,0.0,Toneladas,0.0
1501105,3,2022,0.0,Toneladas,0.0
1501105,3,2023,0.0,Toneladas,0.0
1501105,3,2024,0.0,Toneladas,0.0
1501204,1,2021,1200.0,Toneladas,5040.0
1501204,1,2022,1300.0,Toneladas,5850.0
1501204,1,2023,1310.0,Toneladas,5371.0
1501204,1,2024,1300.0,Toneladas,5850.0
1501204,2,2021,30.0,Toneladas,186.0
1501204,2,2022,31.0,Toneladas,192.0
1501204,2,2023,31.0,Toneladas,214.0
1501204,2,2024,31.0,Toneladas,233.0
1501204,3,2021,0.0,Toneladas,0.0
1501204,3,2022,0.0,Toneladas,0.0
1501204,3,2023,0.0,Toneladas,0.0
1501204,3,2024,0.0,Toneladas,0.0
1501253,1,2021,,Toneladas,
1501253,1,2022,,Toneladas,
1501253,1,2023,,Toneladas,
1501253,1,2024,,Toneladas,
1501253,2,2021,,Toneladas,
1501253,2,2022,,Toneladas,
1501253,2,2023,,Toneladas,
1501253,2,2024,,Toneladas,
1501253,3,2021,,Toneladas,
1501253,3,2022,,Toneladas,
1501253,3,2023,,Toneladas,
1501253,3,2024,,Toneladas,
1501303,1,2021,630.0,Toneladas,3906.0
1501303,1,2022,610.0,Toneladas,3660.0
1501303,1,2023,600.0,Toneladas,3900.0
1501303,1,2024,630.0,Toneladas,4410.0
1501303,2,2021,0.0,Toneladas,0.0
1501303,2,2022,0.0,Toneladas,0.0
1501303,2,2023,0.0,Toneladas,0.0
1501303,2,2024,0.0,Toneladas,0.0
1501303,3,2021,0.0,Toneladas,0.0
1501303,3,2022,0.0,Toneladas,0.0
1501303,3,2023,0.0,Toneladas,0.0
1501303,3,2024,0.0,Toneladas,0.0
1501402,1,2021,450.0,Toneladas,1710.0
1501402,1,2022,520.0,Toneladas,1924.0
1501402,1,2023,580.0,Toneladas,2262.0
1501402,1,2024,610.0,Toneladas,2440.0
1501402,2,2021,0.0,Toneladas,0.0
1501402,2,2022,0.0,Toneladas,0.0
1501402,2,2023,0.0,Toneladas,0.0
1501402,2,2024,0.0,Toneladas,0.0
1501402,3,2021,0.0,Toneladas,0.0
1501402,3,2022,0.0,Toneladas,0.0
1501402,3,2023,0.0,Toneladas,0.0
1501402,3,2024,0.0,Toneladas,0.0
1501451,1,2021,3.0,Toneladas,8.0
1501451,1,2022,3.0,Toneladas,8.0
1501451,1,2023,10.0,Toneladas,32.0
1501451,1,2024,9.0,Toneladas,41.0
1501451,2,2021,1.0,Toneladas,4.0
1501451,2,2022,1.0,Toneladas,4.0
1501451,2,2023,1.0,Toneladas,4.0
1501451,2,2024,1.0,Toneladas,4.0
1501451,3,2021,0.0,Toneladas,2.0
1501451,3,2022,0.0,Toneladas,3.0
1501451,3,2023,0.0,Toneladas,18.0
1501451,3,2024,0.0,Toneladas,25.0
1501501,1,2021,49.0,Toneladas,135.0
1501501,1,2022,50.0,Toneladas,154.0
1501501,1,2023,55.0,Toneladas,190.0
1501501,1,2024,65.0,Toneladas,338.0
1501501,2,2021,0.0,Toneladas,0.0
1501501,2,2022,0.0,Toneladas,0.0
1501501,2,2023,0.0,Toneladas,0.0
1501501,2,2024,0.0,Toneladas,0.0
1501501,3,2021,0.0,Toneladas,0.0
1501501,3,2022,0.0,Toneladas,0.0
1501501,3,2023,0.0,Toneladas,0.0
1501501,3,2024,0.0,Toneladas,0.0
1501576,1,2021,0.0,Toneladas,0.0
1501576,1,2022,0.0,Toneladas,0.0
1501576,1,2023,0.0,Toneladas,0.0
1501576,1,2024,0.0,Toneladas,0.0
1501576,2,2021,89.0,Toneladas,384.0
1501576,2,2022,88.0,Toneladas,484.0
1501576,2,2023,85.0,Toneladas,510.0
1501576,2,2024,83.0,Toneladas,581.0
1501576,3,2021,0.0,Toneladas,0.0
1501576,3,2022,0.0,Toneladas,0.0
1501576,3,2023,0.0,Toneladas,0.0
1501576,3,2024,0.0,Toneladas,0.0
1501600,1,2021,4.0,Toneladas,12.0
1501600,1,2022,4.0,Toneladas,13.0
1501600,1,2023,5.0,Toneladas,15.0
1501600,1,2024,5.0,Toneladas,24.0
1501600,2,2021,0.0,Toneladas,0.0
1501600,2,2022,0.0,Toneladas,0.0
1501600,2,2023,0.0,Toneladas,0.0
1501600,2,2024,0.0,Toneladas,0.0
1501600,3,2021,0.0,Toneladas,0.0
1501600,3,2022,0.0,Toneladas,0.0
1501600,3,2023,0.0,Toneladas,0.0
1501600,3,2024,0.0,Toneladas,0.0
1501709,1,2021,95.0,Toneladas,171.0
1501709,1,2022,92.0,Toneladas,258.0
1501709,1,2023,105.0,Toneladas,273.0
1501709,1,2024,112.0,Toneladas,336.0
1501709,2,2021,0.0,Toneladas,0.0
1501709,2,2022,0.0,Toneladas,0.0
1501709,2,2023,0.0,Toneladas,0.0
1501709,2,2024,0.0,Toneladas,0.0
1501709,3,2021,0.0,Toneladas,0.0
1501709,3,2022,0.0,Toneladas,0.0
1501709,3,2023,0.0,Toneladas,0.0
1501709,3,2024,0.0,Toneladas,0.0
1501725,1,2021,9.0,Toneladas,22.0
1501725,1,2022,10.0,Toneladas,25.0
1501725,1,2023,11.0,Toneladas,33.0
1501725,1,2024,10.0,Toneladas,35.0
1501725,2,2021,3.0,Toneladas,12.0
1501725,2,2022,3.0,Toneladas,11.0
1501725,2,2023,5.0,Toneladas,20.0
1501725,2,2024,4.0,Toneladas,16.0
1501725,3,2021,0.0,Toneladas,14.0
1501725,3,2022,0.0,Toneladas,16.0
1501725,3,2023,0.0,Toneladas,13.0
1501725,3,2024,0.0,Toneladas,5.0
1501758,1,2021,19.0,Toneladas,46.0
1501758,1,2022,18.0,Toneladas,54.0
1501758,1,2023,17.0,Toneladas,59.0
1501758,1,2024,17.0,Toneladas,70.0
1501758,2,2021,28.0,Toneladas,166.0
1501758,2,2022,27.0,Toneladas,166.0
1501758,2,2023,24.0,Toneladas,146.0
1501758,2,2024,28.0,Toneladas,197.0
1501758,3,2021,0.0,Toneladas,0.0
1501758,3,2022,0.0,Toneladas,0.0
1501758,3,2023,0.0,Toneladas,0.0
1501758,3,2024,0.0,Toneladas,0.0
1501782,1,2021,0.0,Toneladas,0.0
1501782,1,2022,14.0,Toneladas,51.0
1501782,1,2023,2.0,Toneladas,9.0
1501782,1,2024,2.0,Toneladas,8.0
1501782,2,2021,29.0,Toneladas,126.0
1501782,2,2022,27.0,Toneladas,123.0
1501782,2,2023,18.0,Toneladas,62.0
1501782,2,2024,0.0,Toneladas,0.0
1501782,3,2021,0.0,Toneladas,0.0
1501782,3,2022,0.0,Toneladas,0.0
1501782,3,2023,0.0,Toneladas,0.0
1501782,3,2024,0.0,Toneladas,0.0
1501808,1,2021,1820.0,Toneladas,8190.0
1501808,1,2022,1950.0,Toneladas,11700.0
1501808,1,2023,2100.0,Toneladas,13020.0
1501808,1,2024,2400.0,Toneladas,16800.0
1501808,2,2021,0.0,Toneladas,0.0
1501808,2,2022,0.0,Toneladas,0.0
1501808,2,2023,0.0,Toneladas,0.0
1501808,2,2024,0.0,Toneladas,0.0
1501808,3,2021,0.0,Toneladas,0.0
1501808,3,2022,0.0,Toneladas,0.0
1501808,3,2023,0.0,Toneladas,0.0
1501808,3,2024,0.0,Toneladas,0.0
1501907,1,2021,409.0,Toneladas,1104.0
1501907,1,2022,412.0,Toneladas,1154.0
1501907,1,2023,520.0,Toneladas,1794.0
1501907,1,2024,600.0,Toneladas,4200.0
1501907,2,2021,27.0,Toneladas,135.0
1501907,2,2022,27.0,Toneladas,137.0
1501907,2,2023,24.0,Toneladas,120.0
1501907,2,2024,27.0,Toneladas,162.0
1501907,3,2021,0.0,Toneladas,0.0
1501907,3,2022,0.0,Toneladas,0.0
1501907,3,2023,0.0,Toneladas,0.0
1501907,3,2024,0.0,Toneladas,0.0
1501956,1,2021,320.0,Toneladas,672.0
1501956,1,2022,256.0,Toneladas,614.0
1501956,1,2023,220.0,Toneladas,506.0
1501956,1,2024,190.0,Toneladas,570.0
1501956,2,2021,0.0,Toneladas,0.0
1501956,2,2022,0.0,Toneladas,0.0
1501956,2,2023,0.0,Toneladas,0.0
1501956,2,2024,0.0,Toneladas,0.0
1501956,3,2021,0.0,Toneladas,0.0
1501956,3,2022,0.0,Toneladas,0.0
1501956,3,2023,0.0,Toneladas,0.0
1501956,3,2024,0.0,Toneladas,0.0
1502004,1,2021,1200.0,Toneladas,4560.0
1502004,1,2022,1100.0,Toneladas,4290.0
1502004,1,2023,990.0,Toneladas,3960.0
1502004,1,2024,900.0,Toneladas,6300.0
1502004,2,2021,0.0,Toneladas,0.0
1502004,2,2022,0.0,Toneladas,0.0
1502004,2,2023,0.0,Toneladas,0.0
1502004,2,2024,0.0,Toneladas,0.0
1502004,3,2021,0.0,Toneladas,0.0
1502004,3,2022,0.0,Toneladas,0.0
1502004,3,2023,0.0,Toneladas,0.0
1502004,3,2024,0.0,Toneladas,0.0
1502103,1,2021,0.0,Toneladas,0.0
1502103,1,2022,0.0,Toneladas,0.0
1502103,1,2023,0.0,Toneladas,0.0
1502103,1,2024,0.0,Toneladas,0.0
1502103,2,2021,36.0,Toneladas,184.0
1502103,2,2022,37.0,Toneladas,192.0
1502103,2,2023,38.0,Toneladas,228.0
1502103,2,2024,39.0,Toneladas,273.0
1502103,3,2021,0.0,Toneladas,0.0
1502103,3,2022,0.0,Toneladas,0.0
1502103,3,2023,0.0,Toneladas,0.0
1502103,3,2024,0.0,Toneladas,0.0
1502152,1,2021,1.0,Toneladas,4.0
1502152,1,2022,1.0,Toneladas,4.0
1502152,1,2023,1.0,Toneladas,5.0
1502152,1,2024,1.0,Toneladas,6.0
1502152,2,2021,2.0,Toneladas,11.0
1502152,2,2022,2.0,Toneladas,12.0
1502152,2,2023,2.0,Toneladas,11.0
1502152,2,2024,2.0,Toneladas,12.0
1502152,3,2021,0.0,Toneladas,0.0
1502152,3,2022,0.0,Toneladas,0.0
1502152,3,2023,0.0,Toneladas,0.0
1502152,3,2024,0.0,Toneladas,0.0
1502202,1,2021,7.0,Toneladas,20.0
1502202,1,2022,7.0,Toneladas,21.0
1502202,1,2023,8.0,Toneladas,24.0
1502202,1,2024,8.0,Toneladas,42.0
1502202,2,2021,0.0,Toneladas,0.0
1502202,2,2022,0.0,Toneladas,0.0
1502202,2,2023,0.0,Toneladas,0.0
1502202,2,2024,0.0,Toneladas,0.0
1502202,3,2021,0.0,Toneladas,0.0
1502202,3,2022,0.0,Toneladas,0.0
1502202,3,2023,0.0,Toneladas,0.0
1502202,3,2024,0.0,Toneladas,0.0
1502301,1,2021,35.0,Toneladas,105.0
1502301,1,2022,38.0,Toneladas,118.0
1502301,1,2023,42.0,Toneladas,138.0
1502301,1,2024,43.0,Toneladas,214.0
1502301,2,2021,0.0,Toneladas,0.0
1502301,2,2022,0.0,Toneladas,0.0
1502301,2,2023,0.0,Toneladas,0.0
1502301,2,2024,0.0,Toneladas,0.0
1502301,3,2021,0.0,Toneladas,0.0
1502301,3,2022,0.0,Toneladas,0.0
1502301,3,2023,0.0,Toneladas,0.0
1502301,3,2024,0.0,Toneladas,0.0
1502400,1,2021,0.0,Toneladas,0.0
1502400,1,2022,0.0,Toneladas,0.0
1502400,1,2023,0.0,Toneladas,0.0
1502400,1,2024,0.0,Toneladas,0.0
1502400,2,2021,0.0,Toneladas,0.0
1502400,2,2022,0.0,Toneladas,0.0
1502400,2,2023,1.0,Toneladas,5.0
1502400,2,2024,1.0,Toneladas,5.0
1502400,3,2021,0.0,Toneladas,0.0
1502400,3,2022,0.0,Toneladas,0.0
1502400,3,2023,0.0,Toneladas,0.0
1502400,3,2024,0.0,Toneladas,0.0
1502509,1,2021,802.0,Toneladas,2005.0
1502509,1,2022,864.0,Toneladas,2288.0
1502509,1,2023,920.0,Toneladas,2852.0
1502509,1,2024,1050.0,Toneladas,3885.0
1502509,2,2021,0.0,Toneladas,0.0
1502509,2,2022,0.0,Toneladas,0.0
1502509,2,2023,0.0,Toneladas,0.0
1502509,2,2024,0.0,Toneladas,0.0
1502509,3,2021,0.0,Toneladas,0.0
1502509,3,2022,0.0,Toneladas,0.0
1502509,3,2023,0.0,Toneladas,0.0
1502509,3,2024,0.0,Toneladas,0.0
1502608,1,2021,500.0,Toneladas,1375.0
1502608,1,2022,517.0,Toneladas,1499.0
1502608,1,2023,550.0,Toneladas,1705.0
1502608,1,2024,600.0,Toneladas,3000.0
1502608,2,2021,0.0,Toneladas,0.0
1502608,2,2022,0.0,Toneladas,0.0
1502608,2,2023,0.0,Toneladas,0.0
1502608,2,2024,0.0,Toneladas,0.0
1502608,3,2021,0.0,Toneladas,0.0
1502608,3,2022,0.0,Toneladas,0.0
1502608,3,2023,0.0,Toneladas,0.0
1502608,3,2024,0.0,Toneladas,0.0
1502707,1,2021,,Toneladas,
1502707,1,2022,,Toneladas,
1502707,1,2023,,Toneladas,
1502707,1,2024,,Toneladas,
1502707,2,2021,,Toneladas,
1502707,2,2022,,Toneladas,
1502707,2,2023,,Toneladas,
1502707,2,2024,,Toneladas,
1502707,3,2021,,Toneladas,
1502707,3,2022,,Toneladas,
1502707,3,2023,,Toneladas,
1502707,3,2024,,Toneladas,
1502756,1,2021,301.0,Toneladas,797.0
1502756,1,2022,306.0,Toneladas,826.0
1502756,1,2023,350.0,Toneladas,1208.0
1502756,1,2024,380.0,Toneladas,2470.0
1502756,2,2021,0.0,Toneladas,0.0
1502756,2,2022,0.0,Toneladas,0.0
1502756,2,2023,0.0,Toneladas,0.0
1502756,2,2024,0.0,Toneladas,0.0
1502756,3,2021,0.0,Toneladas,0.0
1502756,3,2022,0.0,Toneladas,0.0
1502756,3,2023,0.0,Toneladas,0.0
1502756,3,2024,0.0,Toneladas,0.0
1502764,1,2021,,Toneladas,
1502764,1,2022,,Toneladas,
1502764,1,2023,,Toneladas,
1502764,1,2024,,Toneladas,
1502764,2,2021,,Toneladas,
1502764,2,2022,,Toneladas,
1502764,2,2023,,Toneladas,
1502764,2,2024,,Toneladas,
1502764,3,2021,,Toneladas,
1502764,3,2022,,Toneladas,
1502764,3,2023,,Toneladas,
1502764,3,2024,,Toneladas,
1502772,1,2021,1.0,Toneladas,3.0
1502772,1,2022,1.0,Toneladas,4.0
1502772,1,2023,1.0,Toneladas,4.0
1502772,1,2024,1.0,Toneladas,5.0
1502772,2,2021,6.0,Toneladas,38.0
1502772,2,2022,6.0,Toneladas,39.0
1502772,2,2023,6.0,Toneladas,33.0
1502772,2,2024,5.0,Toneladas,37.0
1502772,3,2021,0.0,Toneladas,0.0
1502772,3,2022,0.0,Toneladas,0.0
1502772,3,2023,0.0,Toneladas,0.0
1502772,3,2024,0.0,Toneladas,0.0
1502806,1,2021,1800.0,Toneladas,5760.0
1502806,1,2022,2200.0,Toneladas,7700.0
1502806,1,2023,2100.0,Toneladas,10920.0
1502806,1,2024,3000.0,Toneladas,19500.0
1502806,2,2021,8.0,Toneladas,20.0
1502806,2,2022,8.0,Toneladas,29.0
1502806,2,2023,8.0,Toneladas,34.0
1502806,2,2024,10.0,Toneladas,50.0
1502806,3,2021,0.0,Toneladas,1.0
1502806,3,2022,0.0,Toneladas,2.0
1502806,3,2023,0.0,Toneladas,2.0
1502806,3,2024,0.0,Toneladas,1.0
1502855,1,2021,66.0,Toneladas,161.0
1502855,1,2022,71.0,Toneladas,202.0
1502855,1,2023,51.0,Toneladas,182.0
1502855,1,2024,35.0,Toneladas,140.0
1502855,2,2021,49.0,Toneladas,113.0
1502855,2,2022,54.0,Toneladas,156.0
1502855,2,2023,47.0,Toneladas,197.0
1502855,2,2024,52.0,Toneladas,322.0
1502855,3,2021,0.0,Toneladas,6.0
1502855,3,2022,0.0,Toneladas,9.0
1502855,3,2023,0.0,Toneladas,11.0
1502855,3,2024,0.0,Toneladas,13.0
1502905,1,2021,60.0,Toneladas,330.0
1502905,1,2022,65.0,Toneladas,257.0
1502905,1,2023,70.0,Toneladas,221.0
1502905,1,2024,80.0,Toneladas,257.0
1502905,2,2021,0.0,Toneladas,0.0
1502905,2,2022,0.0,Toneladas,0.0
1502905,2,2023,0.0,Toneladas,0.0
1502905,2,2024,0.0,Toneladas,0.0
1502905,3,2021,0.0,Toneladas,0.0
1502905,3,2022,0.0,Toneladas,0.0
1502905,3,2023,0.0,Toneladas,0.0
1502905,3,2024,0.0,Toneladas,0.0
1502939,1,2021,0.0,Toneladas,0.0
1502939,1,2022,0.0,Toneladas,0.0
1502939,1,2023,0.0,Toneladas,0.0
1502939,1,2024,0.0,Toneladas,0.0
1502939,2,2021,0.0,Toneladas,0.0
1502939,2,2022,0.0,Toneladas,0.0
1502939,2,2023,0.0,Toneladas,0.0
1502939,2,2024,0.0,Toneladas,0.0
1502939,3,2021,0.0,Toneladas,0.0
1502939,3,2022,0.0,Toneladas,0.0
1502939,3,2023,0.0,Toneladas,0.0
1502939,3,2024,0.0,Toneladas,0.0
1502954,1,2021,2.0,Toneladas,4.0
1502954,1,2022,2.0,Toneladas,5.0
1502954,1,2023,2.0,Toneladas,6.0
1502954,1,2024,2.0,Toneladas,7.0
1502954,2,2021,35.0,Toneladas,210.0
1502954,2,2022,33.0,Toneladas,215.0
1502954,2,2023,31.0,Toneladas,186.0
1502954,2,2024,30.0,Toneladas,210.0
1502954,3,2021,0.0,Toneladas,0.0
1502954,3,2022,0.0,Toneladas,0.0
1502954,3,2023,0.0,Toneladas,0.0
1502954,3,2024,0.0,Toneladas,0.0
1503002,1,2021,6.0,Toneladas,13.0
1503002,1,2022,5.0,Toneladas,13.0
1503002,1,2023,3.0,Toneladas,9.0
1503002,1,2024,3.0,Toneladas,12.0
1503002,2,2021,81.0,Toneladas,177.0
1503002,2,2022,72.0,Toneladas,172.0
1503002,2,2023,67.0,Toneladas,146.0
1503002,2,2024,79.0,Toneladas,341.0
1503002,3,2021,0.0,Toneladas,1.0
1503002,3,2022,0.0,Toneladas,1.0
1503002,3,2023,0.0,Toneladas,1.0
1503002,3,2024,0.0,Toneladas,1.0
1503044,1,2021,,Toneladas,
1503044,1,2022,,Toneladas,
1503044,1,2023,,Toneladas,
1503044,1,2024,,Toneladas,
1503044,2,2021,,Toneladas,
1503044,2,2022,,Toneladas,
1503044,2,2023,,Toneladas,
1503044,2,2024,,Toneladas,
1503044,3,2021,,Toneladas,
1503044,3,2022,,Toneladas,
1503044,3,2023,,Toneladas,
1503044,3,2024,,Toneladas,
1503077,1,2021,24.0,Toneladas,64.0
1503077,1,2022,25.0,Toneladas,68.0
1503077,1,2023,25.0,Toneladas,63.0
1503077,1,2024,29.0,Toneladas,110.0
1503077,2,2021,0.0,Toneladas,0.0
1503077,2,2022,0.0,Toneladas,0.0
1503077,2,2023,0.0,Toneladas,0.0
1503077,2,2024,0.0,Toneladas,0.0
1503077,3,2021,0.0,Toneladas,0.0
1503077,3,2022,0.0,Toneladas,0.0
1503077,3,2023,0.0,Toneladas,0.0
1503077,3,2024,0.0,Toneladas,0.0
1503093,1,2021,89.0,Toneladas,232.0
1503093,1,2022,62.0,Toneladas,223.0
1503093,1,2023,62.0,Toneladas,212.0
1503093,1,2024,107.0,Toneladas,326.0
1503093,2,2021,2.0,Toneladas,11.0
1503093,2,2022,0.0,Toneladas,0.0
1503093,2,2023,0.0,Toneladas,0.0
1503093,2,2024,0.0,Toneladas,0.0
1503093,3,2021,0.0,Toneladas,0.0
1503093,3,2022,0.0,Toneladas,0.0
1503093,3,2023,0.0,Toneladas,0.0
1503093,3,2024,0.0,Toneladas,0.0
1503101,1,2021,125.0,Toneladas,344.0
1503101,1,2022,137.0,Toneladas,411.0
1503101,1,2023,140.0,Toneladas,455.0
1503101,1,2024,143.0,Toneladas,469.0
1503101,2,2021,12.0,Toneladas,42.0
1503101,2,2022,13.0,Toneladas,46.0
1503101,2,2023,13.0,Toneladas,48.0
1503101,2,2024,14.0,Toneladas,52.0
1503101,3,2021,0.0,Toneladas,0.0
1503101,3,2022,0.0,Toneladas,0.0
1503101,3,2023,0.0,Toneladas,0.0
1503101,3,2024,0.0,Toneladas,0.0
1503200,1,2021,20.0,Toneladas,110.0
1503200,1,2022,22.0,Toneladas,87.0
1503200,1,2023,25.0,Toneladas,79.0
1503200,1,2024,28.0,Toneladas,90.0
1503200,2,2021,0.0,Toneladas,0.0
1503200,2,2022,0.0,Toneladas,0.0
1503200,2,2023,0.0,Toneladas,0.0
1503200,2,2024,0.0,Toneladas,0.0
1503200,3,2021,0.0,Toneladas,0.0
1503200,3,2022,0.0,Toneladas,0.0
1503200,3,2023,0.0,Toneladas,0.0
1503200,3,2024,0.0,Toneladas,0.0
1503309,1,2021,2100.0,Toneladas,12600.0
1503309,1,2022,2000.0,Toneladas,12400.0
1503309,1,2023,1800.0,Toneladas,11700.0
1503309,1,2024,1900.0,Toneladas,13300.0
1503309,2,2021,0.0,Toneladas,0.0
1503309,2,2022,0.0,Toneladas,0.0
1503309,2,2023,0.0,Toneladas,0.0
1503309,2,2024,0.0,Toneladas,0.0
1503309,3,2021,0.0,Toneladas,0.0
1503309,3,2022,0.0,Toneladas,0.0
1503309,3,2023,0.0,Toneladas,0.0
1503309,3,2024,0.0,Toneladas,0.0
1503408,1,2021,7500.0,Toneladas,41250.0
1503408,1,2022,8000.0,Toneladas,31600.0
1503408,1,2023,10000.0,Toneladas,31500.0
1503408,1,2024,10300.0,Toneladas,32960.0
1503408,2,2021,40.0,Toneladas,280.0
1503408,2,2022,35.0,Toneladas,280.0
1503408,2,2023,40.0,Toneladas,400.0
1503408,2,2024,41.0,Toneladas,380.0
1503408,3,2021,0.0,Toneladas,0.0
1503408,3,2022,0.0,Toneladas,0.0
1503408,3,2023,0.0,Toneladas,0.0
1503408,3,2024,0.0,Toneladas,0.0
1503457,1,2021,0.0,Toneladas,0.0
1503457,1,2022,0.0,Toneladas,0.0
1503457,1,2023,0.0,Toneladas,0.0
1503457,1,2024,0.0,Toneladas,0.0
1503457,2,2021,0.0,Toneladas,0.0
1503457,2,2022,0.0,Toneladas,0.0
1503457,2,2023,0.0,Toneladas,0.0
1503457,2,2024,0.0,Toneladas,0.0
1503457,3,2021,0.0,Toneladas,0.0
1503457,3,2022,0.0,Toneladas,0.0
1503457,3,2023,0.0,Toneladas,0.0
1503457,3,2024,0.0,Toneladas,0.0
1503507,1,2021,600.0,Toneladas,3300.0
1503507,1,2022,550.0,Toneladas,2173.0
1503507,1,2023,600.0,Toneladas,1890.0
1503507,1,2024,600.0,Toneladas,1922.0
1503507,2,2021,0.0,Toneladas,0.0
1503507,2,2022,0.0,Toneladas,0.0
1503507,2,2023,0.0,Toneladas,0.0
1503507,2,2024,0.0,Toneladas,0.0
1503507,3,2021,0.0,Toneladas,0.0
1503507,3,2022,0.0,Toneladas,0.0
1503507,3,2023,0.0,Toneladas,0.0
1503507,3,2024,0.0,Toneladas,0.0
1503606,1,2021,9.0,Toneladas,26.0
1503606,1,2022,30.0,Toneladas,105.0
1503606,1,2023,30.0,Toneladas,120.0
1503606,1,2024,29.0,Toneladas,143.0
1503606,2,2021,3.0,Toneladas,9.0
1503606,2,2022,3.0,Toneladas,11.0
1503606,2,2023,3.0,Toneladas,11.0
1503606,2,2024,3.0,Toneladas,12.0
1503606,3,2021,0.0,Toneladas,4.0
1503606,3,2022,0.0,Toneladas,4.0
1503606,3,2023,0.0,Toneladas,4.0
1503606,3,2024,0.0,Toneladas,5.0
1503705,1,2021,60.0,Toneladas,150.0
1503705,1,2022,65.0,Toneladas,195.0
1503705,1,2023,70.0,Toneladas,246.0
1503705,1,2024,74.0,Toneladas,298.0
1503705,2,2021,58.0,Toneladas,348.0
1503705,2,2022,59.0,Toneladas,384.0
1503705,2,2023,54.0,Toneladas,326.0
1503705,2,2024,53.0,Toneladas,369.0
1503705,3,2021,0.0,Toneladas,0.0
1503705,3,2022,0.0,Toneladas,0.0
1503705,3,2023,0.0,Toneladas,0.0
1503705,3,2024,0.0,Toneladas,0.0
1503754,1,2021,16.0,Toneladas,47.0
1503754,1,2022,17.0,Toneladas,60.0
1503754,1,2023,20.0,Toneladas,80.0
1503754,1,2024,19.0,Toneladas,72.0
1503754,2,2021,2.0,Toneladas,7.0
1503754,2,2022,2.0,Toneladas,7.0
1503754,2,2023,3.0,Toneladas,10.0
1503754,2,2024,15.0,Toneladas,42.0
1503754,3,2021,0.0,Toneladas,7.0
1503754,3,2022,0.0,Toneladas,6.0
1503754,3,2023,0.0,Toneladas,8.0
1503754,3,2024,0.0,Toneladas,10.0
1503804,1,2021,105.0,Toneladas,263.0
1503804,1,2022,95.0,Toneladas,285.0
1503804,1,2023,95.0,Toneladas,331.0
1503804,1,2024,95.0,Toneladas,380.0
1503804,2,2021,6.0,Toneladas,31.0
1503804,2,2022,6.0,Toneladas,39.0
1503804,2,2023,6.0,Toneladas,33.0
1503804,2,2024,5.0,Toneladas,37.0
1503804,3,2021,0.0,Toneladas,0.0
1503804,3,2022,0.0,Toneladas,0.0
1503804,3,2023,0.0,Toneladas,0.0
1503804,3,2024,0.0,Toneladas,0.0
1503903,1,2021,35.0,Toneladas,73.0
1503903,1,2022,33.0,Toneladas,72.0
1503903,1,2023,27.0,Toneladas,76.0
1503903,1,2024,25.0,Toneladas,80.0
1503903,2,2021,20.0,Toneladas,41.0
1503903,2,2022,17.0,Toneladas,40.0
1503903,2,2023,15.0,Toneladas,37.0
1503903,2,2024,9.0,Toneladas,45.0
1503903,3,2021,0.0,Toneladas,3.0
1503903,3,2022,0.0,Toneladas,2.0
1503903,3,2023,0.0,Toneladas,2.0
1503903,3,2024,0.0,Toneladas,2.0
1504000,1,2021,44000.0,Toneladas,180400.0
1504000,1,2022,50000.0,Toneladas,215000.0
1504000,1,2023,51000.0,Toneladas,214200.0
1504000,1,2024,50000.0,Toneladas,225000.0
1504000,2,2021,0.0,Toneladas,0.0
1504000,2,2022,0.0,Toneladas,0.0
1504000,2,2023,0.0,Toneladas,0.0
1504000,2,2024,0.0,Toneladas,0.0
1504000,3,2021,0.0,Toneladas,0.0
1504000,3,2022,0.0,Toneladas,0.0
1504000,3,2023,0.0,Toneladas,0.0
1504000,3,2024,0.0,Toneladas,0.0
1504059,1,2021,0.0,Toneladas,0.0
1504059,1,2022,0.0,Toneladas,0.0
1504059,1,2023,0.0,Toneladas,0.0
1504059,1,2024,0.0,Toneladas,0.0
1504059,2,2021,0.0,Toneladas,0.0
1504059,2,2022,0.0,Toneladas,0.0
1504059,2,2023,0.0,Toneladas,0.0
1504059,2,2024,0.0,Toneladas,0.0
1504059,3,2021,0.0,Toneladas,0.0
1504059,3,2022,0.0,Toneladas,0.0
1504059,3,2023,0.0,Toneladas,0.0
1504059,3,2024,0.0,Toneladas,0.0
1504109,1,2021,3500.0,Toneladas,19250.0
1504109,1,2022,3000.0,Toneladas,11850.0
1504109,1,2023,3500.0,Toneladas,11025.0
1504109,1,2024,3620.0,Toneladas,11584.0
1504109,2,2021,0.0,Toneladas,0.0
1504109,2,2022,0.0,Toneladas,0.0
1504109,2,2023,0.0,Toneladas,0.0
1504109,2,2024,0.0,Toneladas,0.0
1504109,3,2021,0.0,Toneladas,0.0
1504109,3,2022,0.0,Toneladas,0.0
1504109,3,2023,0.0,Toneladas,0.0
1504109,3,2024,0.0,Toneladas,0.0
1504208,1,2021,81.0,Toneladas,203.0
1504208,1,2022,88.0,Toneladas,264.0
1504208,1,2023,95.0,Toneladas,333.0
1504208,1,2024,99.0,Toneladas,396.0
1504208,2,2021,27.0,Toneladas,159.0
1504208,2,2022,26.0,Toneladas,169.0
1504208,2,2023,24.0,Toneladas,144.0
1504208,2,2024,24.0,Toneladas,165.0
1504208,3,2021,0.0,Toneladas,0.0
1504208,3,2022,0.0,Toneladas,0.0
1504208,3,2023,0.0,Toneladas,0.0
1504208,3,2024,0.0,Toneladas,0.0
1504307,1,2021,12.0,Toneladas,66.0
1504307,1,2022,14.0,Toneladas,55.0
1504307,1,2023,15.0,Toneladas,47.0
1504307,1,2024,16.0,Toneladas,51.0
1504307,2,2021,0.0,Toneladas,0.0
1504307,2,2022,0.0,Toneladas,0.0
1504307,2,2023,0.0,Toneladas,0.0
1504307,2,2024,0.0,Toneladas,0.0
1504307,3,2021,0.0,Toneladas,0.0
1504307,3,2022,0.0,Toneladas,0.0
1504307,3,2023,0.0,Toneladas,0.0
1504307,3,2024,0.0,Toneladas,0.0
1504406,1,2021,1800.0,Toneladas,9900.0
1504406,1,2022,2000.0,Toneladas,7900.0
1504406,1,2023,2300.0,Toneladas,7245.0
1504406,1,2024,2500.0,Toneladas,8125.0
1504406,2,2021,0.0,Toneladas,0.0
1504406,2,2022,0.0,Toneladas,0.0
1504406,2,2023,0.0,Toneladas,0.0
1504406,2,2024,0.0,Toneladas,0.0
1504406,3,2021,0.0,Toneladas,0.0
1504406,3,2022,0.0,Toneladas,0.0
1504406,3,2023,0.0,Toneladas,0.0
1504406,3,2024,0.0,Toneladas,0.0
1504422,1,2021,25.0,Toneladas,64.0
1504422,1,2022,25.0,Toneladas,71.0
1504422,1,2023,35.0,Toneladas,121.0
1504422,1,2024,40.0,Toneladas,280.0
1504422,2,2021,0.0,Toneladas,0.0
1504422,2,2022,0.0,Toneladas,0.0
1504422,2,2023,0.0,Toneladas,0.0
1504422,2,2024,0.0,Toneladas,0.0
1504422,3,2021,0.0,Toneladas,0.0
1504422,3,2022,0.0,Toneladas,0.0
1504422,3,2023,0.0,Toneladas,0.0
1504422,3,2024,0.0,Toneladas,0.0
1504455,1,2021,21.0,Toneladas,48.0
1504455,1,2022,24.0,Toneladas,58.0
1504455,1,2023,20.0,Toneladas,54.0
1504455,1,2024,20.0,Toneladas,68.0
1504455,2,2021,5.0,Toneladas,15.0
1504455,2,2022,7.0,Toneladas,25.0
1504455,2,2023,35.0,Toneladas,140.0
1504455,2,2024,30.0,Toneladas,120.0
1504455,3,2021,0.0,Toneladas,18.0
1504455,3,2022,0.0,Toneladas,19.0
1504455,3,2023,0.0,Toneladas,6.0
1504455,3,2024,0.0,Toneladas,8.0
1504505,1,2021,72.0,Toneladas,252.0
1504505,1,2022,84.0,Toneladas,420.0
1504505,1,2023,100.0,Toneladas,550.0
1504505,1,2024,140.0,Toneladas,910.0
1504505,2,2021,6.0,Toneladas,18.0
1504505,2,2022,6.0,Toneladas,24.0
1504505,2,2023,5.0,Toneladas,23.0
1504505,2,2024,6.0,Toneladas,28.0
1504505,3,2021,0.0,Toneladas,0.0
1504505,3,2022,0.0,Toneladas,0.0
1504505,3,2023,0.0,Toneladas,0.0
1504505,3,2024,0.0,Toneladas,0.0
1504604,1,2021,8300.0,Toneladas,34030.0
1504604,1,2022,8400.0,Toneladas,36120.0
1504604,1,2023,8500.0,Toneladas,35700.0
1504604,1,2024,8000.0,Toneladas,37600.0
1504604,2,2021,0.0,Toneladas,0.0
1504604,2,2022,0.0,Toneladas,0.0
1504604,2,2023,0.0,Toneladas,0.0
1504604,2,2024,0.0,Toneladas,0.0
1504604,3,2021,0.0,Toneladas,0.0
1504604,3,2022,0.0,Toneladas,0.0
1504604,3,2023,0.0,Toneladas,0.0
1504604,3,2024,0.0,Toneladas,0.0
1504703,1,2021,106.0,Toneladas,636.0
1504703,1,2022,105.0,Toneladas,651.0
1504703,1,2023,100.0,Toneladas,650.0
1504703,1,2024,110.0,Toneladas,770.0
1504703,2,2021,36.0,Toneladas,217.0
1504703,2,2022,36.0,Toneladas,254.0
1504703,2,2023,37.0,Toneladas,274.0
1504703,2,2024,37.0,Toneladas,294.0
1504703,3,2021,0.0,Toneladas,0.0
1504703,3,2022,0.0,Toneladas,0.0
1504703,3,2023,0.0,Toneladas,0.0
1504703,3,2024,0.0,Toneladas,0.0
1504752,1,2021,4.0,Toneladas,11.0
1504752,1,2022,4.0,Toneladas,11.0
1504752,1,2023,4.0,Toneladas,13.0
1504752,1,2024,4.0,Toneladas,13.0
1504752,2,2021,10.0,Toneladas,28.0
1504752,2,2022,9.0,Toneladas,27.0
1504752,2,2023,10.0,Toneladas,31.0
1504752,2,2024,9.0,Toneladas,31.0
1504752,3,2021,0.0,Toneladas,0.0
1504752,3,2022,0.0,Toneladas,0.0
1504752,3,2023,0.0,Toneladas,0.0
1504752,3,2024,0.0,Toneladas,0.0
1504802,1,2021,43.0,Toneladas,128.0
1504802,1,2022,43.0,Toneladas,120.0
1504802,1,2023,35.0,Toneladas,137.0
1504802,1,2024,18.0,Toneladas,88.0
1504802,2,2021,0.0,Toneladas,0.0
1504802,2,2022,0.0,Toneladas,0.0
1504802,2,2023,0.0,Toneladas,0.0
1504802,2,2024,0.0,Toneladas,0.0
1504802,3,2021,0.0,Toneladas,4.0
1504802,3,2022,0.0,Toneladas,4.0
1504802,3,2023,0.0,Toneladas,3.0
1504802,3,2024,0.0,Toneladas,4.0
1504901,1,2021,6300.0,Toneladas,21420.0
1504901,1,2022,6000.0,Toneladas,21000.0
1504901,1,2023,5000.0,Toneladas,18500.0
1504901,1,2024,5300.0,Toneladas,22790.0
1504901,2,2021,0.0,Toneladas,0.0
1504901,2,2022,0.0,Toneladas,0.0
1504901,2,2023,0.0,Toneladas,0.0
1504901,2,2024,0.0,Toneladas,0.0
1504901,3,2021,0.0,Toneladas,0.0
1504901,3,2022,0.0,Toneladas,0.0
1504901,3,2023,0.0,Toneladas,0.0
1504901,3,2024,0.0,Toneladas,0.0
1504950,1,2021,38.0,Toneladas,99.0
1504950,1,2022,40.0,Toneladas,119.0
1504950,1,2023,44.0,Toneladas,144.0
1504950,1,2024,46.0,Toneladas,229.0
1504950,2,2021,0.0,Toneladas,0.0
1504950,2,2022,0.0,Toneladas,0.0
1504950,2,2023,0.0,Toneladas,0.0
1504950,2,2024,0.0,Toneladas,0.0
1504950,3,2021,0.0,Toneladas,0.0
1504950,3,2022,0.0,Toneladas,0.0
1504950,3,2023,0.0,Toneladas,0.0
1504950,3,2024,0.0,Toneladas,0.0
1504976,1,2021,775.0,Toneladas,1938.0
1504976,1,2022,770.0,Toneladas,2310.0
1504976,1,2023,820.0,Toneladas,2870.0
1504976,1,2024,845.0,Toneladas,3380.0
1504976,2,2021,0.0,Toneladas,0.0
1504976,2,2022,0.0,Toneladas,0.0
1504976,2,2023,0.0,Toneladas,0.0
1504976,2,2024,0.0,Toneladas,0.0
1504976,3,2021,0.0,Toneladas,0.0
1504976,3,2022,0.0,Toneladas,0.0
1504976,3,2023,0.0,Toneladas,0.0
1504976,3,2024,0.0,Toneladas,0.0
1505007,1,2021,4.0,Toneladas,10.0
1505007,1,2022,4.0,Toneladas,11.0
1505007,1,2023,4.0,Toneladas,13.0
1505007,1,2024,5.0,Toneladas,23.0
1505007,2,2021,0.0,Toneladas,0.0
1505007,2,2022,0.0,Toneladas,0.0
1505007,2,2023,0.0,Toneladas,0.0
1505007,2,2024,0.0,Toneladas,0.0
1505007,3,2021,0.0,Toneladas,0.0
1505007,3,2022,0.0,Toneladas,0.0
1505007,3,2023,0.0,Toneladas,0.0
1505007,3,2024,0.0,Toneladas,0.0
1505031,1,2021,14.0,Toneladas,42.0
1505031,1,2022,15.0,Toneladas,45.0
1505031,1,2023,15.0,Toneladas,60.0
1505031,1,2024,14.0,Toneladas,53.0
1505031,2,2021,9.0,Toneladas,32.0
1505031,2,2022,9.0,Toneladas,34.0
1505031,2,2023,10.0,Toneladas,40.0
1505031,2,2024,9.0,Toneladas,34.0
1505031,3,2021,0.0,Toneladas,0.0
1505031,3,2022,0.0,Toneladas,0.0
1505031,3,2023,0.0,Toneladas,0.0
1505031,3,2024,0.0,Toneladas,0.0
1505064,1,2021,4500.0,Toneladas,10485.0
1505064,1,2022,9000.0,Toneladas,17280.0
1505064,1,2023,7200.0,Toneladas,13104.0
1505064,1,2024,6000.0,Toneladas,15000.0
1505064,2,2021,13.0,Toneladas,47.0
1505064,2,2022,67.0,Toneladas,292.0
1505064,2,2023,17.0,Toneladas,62.0
1505064,2,2024,0.0,Toneladas,0.0
1505064,3,2021,0.0,Toneladas,0.0
1505064,3,2022,0.0,Toneladas,0.0
1505064,3,2023,0.0,Toneladas,0.0
1505064,3,2024,0.0,Toneladas,0.0
1505106,1,2021,724.0,Toneladas,1809.0
1505106,1,2022,709.0,Toneladas,1844.0
1505106,1,2023,541.0,Toneladas,1514.0
1505106,1,2024,490.0,Toneladas,2450.0
1505106,2,2021,1770.0,Toneladas,3541.0
1505106,2,2022,2989.0,Toneladas,7772.0
1505106,2,2023,3740.0,Toneladas,7480.0
1505106,2,2024,4300.0,Toneladas,34400.0
1505106,3,2021,2.0,Toneladas,48.0
1505106,3,2022,2.0,Toneladas,46.0
1505106,3,2023,2.0,Toneladas,55.0
1505106,3,2024,3.0,Toneladas,75.0
1505205,1,2021,26700.0,Toneladas,109470.0
1505205,1,2022,27000.0,Toneladas,113400.0
1505205,1,2023,27300.0,Toneladas,114660.0
1505205,1,2024,27000.0,Toneladas,126900.0
1505205,2,2021,22.0,Toneladas,157.0
1505205,2,2022,22.0,Toneladas,159.0
1505205,2,2023,22.0,Toneladas,167.0
1505205,2,2024,23.0,Toneladas,184.0
1505205,3,2021,1.0,Toneladas,24.0
1505205,3,2022,1.0,Toneladas,25.0
1505205,3,2023,1.0,Toneladas,28.0
1505205,3,2024,1.0,Toneladas,36.0
1505304,1,2021,126.0,Toneladas,405.0
1505304,1,2022,105.0,Toneladas,353.0
1505304,1,2023,96.0,Toneladas,432.0
1505304,1,2024,68.0,Toneladas,476.0
1505304,2,2021,1568.0,Toneladas,3292.0
1505304,2,2022,2160.0,Toneladas,7690.0
1505304,2,2023,2355.0,Toneladas,10007.0
1505304,2,2024,1645.0,Toneladas,11680.0
1505304,3,2021,8.0,Toneladas,276.0
1505304,3,2022,11.0,Toneladas,436.0
1505304,3,2023,9.0,Toneladas,426.0
1505304,3,2024,7.0,Toneladas,346.0
1505403,1,2021,46.0,Toneladas,115.0
1505403,1,2022,47.0,Toneladas,131.0
1505403,1,2023,52.0,Toneladas,155.0
1505403,1,2024,52.0,Toneladas,260.0
1505403,2,2021,0.0,Toneladas,0.0
1505403,2,2022,0.0,Toneladas,0.0
1505403,2,2023,0.0,Toneladas,0.0
1505403,2,2024,0.0,Toneladas,0.0
1505403,3,2021,0.0,Toneladas,0.0
1505403,3,2022,0.0,Toneladas,0.0
1505403,3,2023,0.0,Toneladas,0.0
1505403,3,2024,0.0,Toneladas,0.0
1505437,1,2021,0.0,Toneladas,0.0
1505437,1,2022,0.0,Toneladas,0.0
1505437,1,2023,0.0,Toneladas,0.0
1505437,1,2024,0.0,Toneladas,0.0
1505437,2,2021,7.0,Toneladas,33.0
1505437,2,2022,8.0,Toneladas,38.0
1505437,2,2023,8.0,Toneladas,40.0
1505437,2,2024,5.0,Toneladas,26.0
1505437,3,2021,0.0,Toneladas,0.0
1505437,3,2022,0.0,Toneladas,0.0
1505437,3,2023,0.0,Toneladas,0.0
1505437,3,2024,0.0,Toneladas,0.0
1505486,1,2021,18.0,Toneladas,43.0
1505486,1,2022,20.0,Toneladas,50.0
1505486,1,2023,21.0,Toneladas,59.0
1505486,1,2024,20.0,Toneladas,70.0
1505486,2,2021,5.0,Toneladas,13.0
1505486,2,2022,6.0,Toneladas,15.0
1505486,2,2023,5.0,Toneladas,15.0
1505486,2,2024,3.0,Toneladas,9.0
1505486,3,2021,0.0,Toneladas,7.0
1505486,3,2022,0.0,Toneladas,9.0
1505486,3,2023,0.0,Toneladas,11.0
1505486,3,2024,0.0,Toneladas,11.0
1505494,1,2021,0.0,Toneladas,0.0
1505494,1,2022,0.0,Toneladas,0.0
1505494,1,2023,0.0,Toneladas,0.0
1505494,1,2024,0.0,Toneladas,0.0
1505494,2,2021,0.0,Toneladas,0.0
1505494,2,2022,0.0,Toneladas,0.0
1505494,2,2023,0.0,Toneladas,0.0
1505494,2,2024,0.0,Toneladas,0.0
1505494,3,2021,0.0,Toneladas,0.0
1505494,3,2022,0.0,Toneladas,0.0
1505494,3,2023,0.0,Toneladas,0.0
1505494,3,2024,0.0,Toneladas,0.0
1505502,1,2021,0.0,Toneladas,0.0
1505502,1,2022,0.0,Toneladas,0.0
1505502,1,2023,0.0,Toneladas,0.0
1505502,1,2024,0.0,Toneladas,0.0
1505502,2,2021,0.0,Toneladas,0.0
1505502,2,2022,0.0,Toneladas,0.0
1505502,2,2023,0.0,Toneladas,0.0
1505502,2,2024,0.0,Toneladas,0.0
1505502,3,2021,0.0,Toneladas,0.0
1505502,3,2022,0.0,Toneladas,0.0
1505502,3,2023,0.0,Toneladas,0.0
1505502,3,2024,0.0,Toneladas,0.0
1505536,1,2021,2.0,Toneladas,5.0
1505536,1,2022,2.0,Toneladas,7.0
1505536,1,2023,3.0,Toneladas,9.0
1505536,1,2024,3.0,Toneladas,10.0
1505536,2,2021,0.0,Toneladas,0.0
1505536,2,2022,0.0,Toneladas,0.0
1505536,2,2023,0.0,Toneladas,0.0
1505536,2,2024,0.0,Toneladas,0.0
1505536,3,2021,0.0,Toneladas,0.0
1505536,3,2022,0.0,Toneladas,0.0
1505536,3,2023,0.0,Toneladas,0.0
1505536,3,2024,0.0,Toneladas,0.0
1505551,1,2021,,Toneladas,
1505551,1,2022,,Toneladas,
1505551,1,2023,,Toneladas,
1505551,1,2024,,Toneladas,
1505551,2,2021,,Toneladas,
1505551,2,2022,,Toneladas,
1505551,2,2023,,Toneladas,
1505551,2,2024,,Toneladas,
1505551,3,2021,,Toneladas,
1505551,3,2022,,Toneladas,
1505551,3,2023,,Toneladas,
1505551,3,2024,,Toneladas,
1505601,1,2021,5.0,Toneladas,14.0
1505601,1,2022,5.0,Toneladas,15.0
1505601,1,2023,5.0,Toneladas,15.0
1505601,1,2024,5.0,Toneladas,27.0
1505601,2,2021,0.0,Toneladas,0.0
1505601,2,2022,0.0,Toneladas,0.0
1505601,2,2023,0.0,Toneladas,0.0
1505601,2,2024,0.0,Toneladas,0.0
1505601,3,2021,0.0,Toneladas,0.0
1505601,3,2022,0.0,Toneladas,0.0
1505601,3,2023,0.0,Toneladas,0.0
1505601,3,2024,0.0,Toneladas,0.0
1505635,1,2021,0.0,Toneladas,0.0
1505635,1,2022,0.0,Toneladas,0.0
1505635,1,2023,0.0,Toneladas,0.0
1505635,1,2024,3.0,Toneladas,12.0
1505635,2,2021,4.0,Toneladas,24.0
1505635,2,2022,4.0,Toneladas,27.0
1505635,2,2023,4.0,Toneladas,22.0
1505635,2,2024,4.0,Toneladas,21.0
1505635,3,2021,0.0,Toneladas,0.0
1505635,3,2022,0.0,Toneladas,0.0
1505635,3,2023,0.0,Toneladas,0.0
1505635,3,2024,0.0,Toneladas,0.0
1505650,1,2021,4.0,Toneladas,11.0
1505650,1,2022,4.0,Toneladas,12.0
1505650,1,2023,4.0,Toneladas,12.0
1505650,1,2024,3.0,Toneladas,10.0
1505650,2,2021,3.0,Toneladas,10.0
1505650,2,2022,4.0,Toneladas,11.0
1505650,2,2023,4.0,Toneladas,14.0
1505650,2,2024,4.0,Toneladas,13.0
1505650,3,2021,0.0,Toneladas,0.0
1505650,3,2022,0.0,Toneladas,0.0
1505650,3,2023,0.0,Toneladas,0.0
1505650,3,2024,0.0,Toneladas,0.0
1505700,1,2021,5400.0,Toneladas,18900.0
1505700,1,2022,4900.0,Toneladas,17640.0
1505700,1,2023,4600.0,Toneladas,18400.0
1505700,1,2024,4300.0,Toneladas,20640.0
1505700,2,2021,0.0,Toneladas,0.0
1505700,2,2022,0.0,Toneladas,0.0
1505700,2,2023,0.0,Toneladas,0.0
1505700,2,2024,0.0,Toneladas,0.0
1505700,3,2021,0.0,Toneladas,0.0
1505700,3,2022,0.0,Toneladas,0.0
1505700,3,2023,0.0,Toneladas,0.0
1505700,3,2024,0.0,Toneladas,0.0
1505809,1,2021,1300.0,Toneladas,4810.0
1505809,1,2022,1500.0,Toneladas,6000.0
1505809,1,2023,1750.0,Toneladas,9625.0
1505809,1,2024,1900.0,Toneladas,11020.0
1505809,2,2021,210.0,Toneladas,672.0
1505809,2,2022,260.0,Toneladas,1040.0
1505809,2,2023,300.0,Toneladas,1200.0
1505809,2,2024,280.0,Toneladas,1400.0
1505809,3,2021,0.0,Toneladas,0.0
1505809,3,2022,0.0,Toneladas,0.0
1505809,3,2023,0.0,Toneladas,0.0
1505809,3,2024,0.0,Toneladas,0.0
1505908,1,2021,0.0,Toneladas,0.0
1505908,1,2022,0.0,Toneladas,0.0
1505908,1,2023,0.0,Toneladas,0.0
1505908,1,2024,0.0,Toneladas,0.0
1505908,2,2021,0.0,Toneladas,0.0
1505908,2,2022,0.0,Toneladas,0.0
1505908,2,2023,0.0,Toneladas,0.0
1505908,2,2024,0.0,Toneladas,0.0
1505908,3,2021,0.0,Toneladas,0.0
1505908,3,2022,0.0,Toneladas,0.0
1505908,3,2023,0.0,Toneladas,0.0
1505908,3,2024,0.0,Toneladas,0.0
1506005,1,2021,255.0,Toneladas,740.0
1506005,1,2022,255.0,Toneladas,804.0
1506005,1,2023,260.0,Toneladas,845.0
1506005,1,2024,258.0,Toneladas,882.0
1506005,2,2021,23.0,Toneladas,81.0
1506005,2,2022,24.0,Toneladas,88.0
1506005,2,2023,24.0,Toneladas,94.0
1506005,2,2024,26.0,Toneladas,100.0
1506005,3,2021,1.0,Toneladas,20.0
1506005,3,2022,0.0,Toneladas,0.0
1506005,3,2023,0.0,Toneladas,0.0
1506005,3,2024,0.0,Toneladas,0.0
1506104,1,2021,10.0,Toneladas,28.0
1506104,1,2022,10.0,Toneladas,30.0
1506104,1,2023,11.0,Toneladas,36.0
1506104,1,2024,12.0,Toneladas,63.0
1506104,2,2021,0.0,Toneladas,0.0
1506104,2,2022,0.0,Toneladas,0.0
1506104,2,2023,0.0,Toneladas,0.0
1506104,2,2024,0.0,Toneladas,0.0
1506104,3,2021,0.0,Toneladas,0.0
1506104,3,2022,0.0,Toneladas,0.0
1506104,3,2023,0.0,Toneladas,0.0
1506104,3,2024,0.0,Toneladas,0.0
1506112,1,2021,47.0,Toneladas,125.0
1506112,1,2022,49.0,Toneladas,137.0
1506112,1,2023,54.0,Toneladas,178.0
1506112,1,2024,54.0,Toneladas,295.0
1506112,2,2021,0.0,Toneladas,0.0
1506112,2,2022,0.0,Toneladas,0.0
1506112,2,2023,0.0,Toneladas,0.0
1506112,2,2024,0.0,Toneladas,0.0
1506112,3,2021,0.0,Toneladas,0.0
1506112,3,2022,0.0,Toneladas,0.0
1506112,3,2023,0.0,Toneladas,0.0
1506112,3,2024,0.0,Toneladas,0.0
1506138,1,2021,,Toneladas,
1506138,1,2022,,Toneladas,
1506138,1,2023,0.0,Toneladas,0.0
1506138,1,2024,0.0,Toneladas,0.0
1506138,2,2021,,Toneladas,
1506138,2,2022,,Toneladas,
1506138,2,2023,0.0,Toneladas,0.0
1506138,2,2024,0.0,Toneladas,0.0
1506138,3,2021,,Toneladas,
1506138,3,2022,,Toneladas,
1506138,3,2023,0.0,Toneladas,0.0
1506138,3,2024,0.0,Toneladas,0.0
1506161,1,2021,,Toneladas,
1506161,1,2022,,Toneladas,
1506161,1,2023,0.0,Toneladas,0.0
1506161,1,2024,0.0,Toneladas,0.0
1506161,2,2021,,Toneladas,
1506161,2,2022,,Toneladas,
1506161,2,2023,0.0,Toneladas,0.0
1506161,2,2024,0.0,Toneladas,0.0
1506161,3,2021,,Toneladas,
1506161,3,2022,,Toneladas,
1506161,3,2023,0.0,Toneladas,0.0
1506161,3,2024,0.0,Toneladas,0.0
1506187,1,2021,0.0,Toneladas,0.0
1506187,1,2022,0.0,Toneladas,0.0
1506187,1,2023,0.0,Toneladas,0.0
1506187,1,2024,0.0,Toneladas,0.0
1506187,2,2021,0.0,Toneladas,0.0
1506187,2,2022,0.0,Toneladas,0.0
1506187,2,2023,0.0,Toneladas,0.0
1506187,2,2024,0.0,Toneladas,0.0
1506187,3,2021,0.0,Toneladas,0.0
1506187,3,2022,0.0,Toneladas,0.0
1506187,3,2023,0.0,Toneladas,0.0
1506187,3,2024,0.0,Toneladas,0.0
1506195,1,2021,6.0,Toneladas,17.0
1506195,1,2022,6.0,Toneladas,17.0
1506195,1,2023,7.0,Toneladas,21.0
1506195,1,2024,5.0,Toneladas,15.0
1506195,2,2021,14.0,Toneladas,43.0
1506195,2,2022,14.0,Toneladas,46.0
1506195,2,2023,17.0,Toneladas,55.0
1506195,2,2024,13.0,Toneladas,51.0
1506195,3,2021,0.0,Toneladas,0.0
1506195,3,2022,0.0,Toneladas,0.0
1506195,3,2023,0.0,Toneladas,0.0
1506195,3,2024,0.0,Toneladas,0.0
1506203,1,2021,2.0,Toneladas,6.0
1506203,1,2022,2.0,Toneladas,6.0
1506203,1,2023,2.0,Toneladas,8.0
1506203,1,2024,2.0,Toneladas,11.0
1506203,2,2021,0.0,Toneladas,0.0
1506203,2,2022,0.0,Toneladas,0.0
1506203,2,2023,0.0,Toneladas,0.0
1506203,2,2024,0.0,Toneladas,0.0
1506203,3,2021,0.0,Toneladas,0.0
1506203,3,2022,0.0,Toneladas,0.0
1506203,3,2023,0.0,Toneladas,0.0
1506203,3,2024,0.0,Toneladas,0.0
1506302,1,2021,0.0,Toneladas,0.0
1506302,1,2022,0.0,Toneladas,0.0
1506302,1,2023,0.0,Toneladas,0.0
1506302,1,2024,0.0,Toneladas,0.0
1506302,2,2021,0.0,Toneladas,0.0
1506302,2,2022,0.0,Toneladas,0.0
1506302,2,2023,0.0,Toneladas,0.0
1506302,2,2024,0.0,Toneladas,0.0
1506302,3,2021,0.0,Toneladas,0.0
1506302,3,2022,0.0,Toneladas,0.0
1506302,3,2023,0.0,Toneladas,0.0
1506302,3,2024,0.0,Toneladas,0.0
1506351,1,2021,460.0,Toneladas,1104.0
1506351,1,2022,462.0,Toneladas,1155.0
1506351,1,2023,520.0,Toneladas,1794.0
1506351,1,2024,500.0,Toneladas,3500.0
1506351,2,2021,0.0,Toneladas,0.0
1506351,2,2022,0.0,Toneladas,0.0
1506351,2,2023,0.0,Toneladas,0.0
1506351,2,2024,0.0,Toneladas,0.0
1506351,3,2021,0.0,Toneladas,0.0
1506351,3,2022,0.0,Toneladas,0.0
1506351,3,2023,0.0,Toneladas,0.0
1506351,3,2024,0.0,Toneladas,0.0
1506401,1,2021,105.0,Toneladas,368.0
1506401,1,2022,95.0,Toneladas,352.0
1506401,1,2023,78.0,Toneladas,312.0
1506401,1,2024,65.0,Toneladas,390.0
1506401,2,2021,0.0,Toneladas,0.0
1506401,2,2022,0.0,Toneladas,0.0
1506401,2,2023,0.0,Toneladas,0.0
1506401,2,2024,0.0,Toneladas,0.0
1506401,3,2021,0.0,Toneladas,0.0
1506401,3,2022,0.0,Toneladas,0.0
1506401,3,2023,0.0,Toneladas,0.0
1506401,3,2024,0.0,Toneladas,0.0
1506500,1,2021,261.0,Toneladas,705.0
1506500,1,2022,265.0,Toneladas,755.0
1506500,1,2023,350.0,Toneladas,1208.0
1506500,1,2024,300.0,Toneladas,1800.0
1506500,2,2021,0.0,Toneladas,0.0
1506500,2,2022,0.0,Toneladas,0.0
1506500,2,2023,0.0,Toneladas,0.0
1506500,2,2024,0.0,Toneladas,0.0
1506500,3,2021,0.0,Toneladas,0.0
1506500,3,2022,0.0,Toneladas,0.0
1506500,3,2023,0.0,Toneladas,0.0
1506500,3,2024,0.0,Toneladas,0.0
1506559,1,2021,50.0,Toneladas,135.0
1506559,1,2022,52.0,Toneladas,156.0
1506559,1,2023,57.0,Toneladas,172.0
1506559,1,2024,60.0,Toneladas,301.0
1506559,2,2021,0.0,Toneladas,0.0
1506559,2,2022,0.0,Toneladas,0.0
1506559,2,2023,0.0,Toneladas,0.0
1506559,2,2024,0.0,Toneladas,0.0
1506559,3,2021,0.0,Toneladas,0.0
1506559,3,2022,0.0,Toneladas,0.0
1506559,3,2023,0.0,Toneladas,0.0
1506559,3,2024,0.0,Toneladas,0.0
1506583,1,2021,,Toneladas,
1506583,1,2022,,Toneladas,
1506583,1,2023,,Toneladas,
1506583,1,2024,,Toneladas,
1506583,2,2021,,Toneladas,
1506583,2,2022,,Toneladas,
1506583,2,2023,,Toneladas,
1506583,2,2024,,Toneladas,
1506583,3,2021,,Toneladas,
1506583,3,2022,,Toneladas,
1506583,3,2023,,Toneladas,
1506583,3,2024,,Toneladas,
1506609,1,2021,30.0,Toneladas,165.0
1506609,1,2022,25.0,Toneladas,99.0
1506609,1,2023,30.0,Toneladas,95.0
1506609,1,2024,32.0,Toneladas,101.0
1506609,2,2021,0.0,Toneladas,0.0
1506609,2,2022,0.0,Toneladas,0.0
1506609,2,2023,0.0,Toneladas,0.0
1506609,2,2024,0.0,Toneladas,0.0
1506609,3,2021,0.0,Toneladas,0.0
1506609,3,2022,0.0,Toneladas,0.0
1506609,3,2023,0.0,Toneladas,0.0
1506609,3,2024,0.0,Toneladas,0.0
1506708,1,2021,,Toneladas,
1506708,1,2022,,Toneladas,
1506708,1,2023,,Toneladas,
1506708,1,2024,,Toneladas,
1506708,2,2021,,Toneladas,
1506708,2,2022,,Toneladas,
1506708,2,2023,,Toneladas,
1506708,2,2024,,Toneladas,
1506708,3,2021,,Toneladas,
1506708,3,2022,,Toneladas,
1506708,3,2023,,Toneladas,
1506708,3,2024,,Toneladas,
1506807,1,2021,65.0,Toneladas,136.0
1506807,1,2022,65.0,Toneladas,163.0
1506807,1,2023,64.0,Toneladas,206.0
1506807,1,2024,59.0,Toneladas,219.0
1506807,2,2021,8.0,Toneladas,25.0
1506807,2,2022,8.0,Toneladas,27.0
1506807,2,2023,8.0,Toneladas,25.0
1506807,2,2024,6.0,Toneladas,21.0
1506807,3,2021,0.0,Toneladas,12.0
1506807,3,2022,0.0,Toneladas,13.0
1506807,3,2023,0.0,Toneladas,13.0
1506807,3,2024,0.0,Toneladas,14.0
1506906,1,2021,3.0,Toneladas,7.0
1506906,1,2022,3.0,Toneladas,8.0
1506906,1,2023,3.0,Toneladas,9.0
1506906,1,2024,3.0,Toneladas,16.0
1506906,2,2021,0.0,Toneladas,0.0
1506906,2,2022,0.0,Toneladas,0.0
1506906,2,2023,0.0,Toneladas,0.0
1506906,2,2024,0.0,Toneladas,0.0
1506906,3,2021,0.0,Toneladas,0.0
1506906,3,2022,0.0,Toneladas,0.0
1506906,3,2023,0.0,Toneladas,0.0
1506906,3,2024,0.0,Toneladas,0.0
1507003,1,2021,125.0,Toneladas,331.0
1507003,1,2022,129.0,Toneladas,360.0
1507003,1,2023,135.0,Toneladas,466.0
1507003,1,2024,150.0,Toneladas,975.0
1507003,2,2021,0.0,Toneladas,0.0
1507003,2,2022,0.0,Toneladas,0.0
1507003,2,2023,0.0,Toneladas,0.0
1507003,2,2024,0.0,Toneladas,0.0
1507003,3,2021,0.0,Toneladas,0.0
1507003,3,2022,0.0,Toneladas,0.0
1507003,3,2023,0.0,Toneladas,0.0
1507003,3,2024,0.0,Toneladas,0.0
1507102,1,2021,80.0,Toneladas,220.0
1507102,1,2022,82.0,Toneladas,230.0
1507102,1,2023,85.0,Toneladas,293.0
1507102,1,2024,100.0,Toneladas,500.0
1507102,2,2021,0.0,Toneladas,0.0
1507102,2,2022,0.0,Toneladas,0.0
1507102,2,2023,0.0,Toneladas,0.0
1507102,2,2024,0.0,Toneladas,0.0
1507102,3,2021,0.0,Toneladas,0.0
1507102,3,2022,0.0,Toneladas,0.0
1507102,3,2023,0.0,Toneladas,0.0
1507102,3,2024,0.0,Toneladas,0.0
1507151,1,2021,2.0,Toneladas,6.0
1507151,1,2022,3.0,Toneladas,8.0
1507151,1,2023,3.0,Toneladas,9.0
1507151,1,2024,3.0,Toneladas,11.0
1507151,2,2021,32.0,Toneladas,189.0
1507151,2,2022,31.0,Toneladas,199.0
1507151,2,2023,28.0,Toneladas,168.0
1507151,2,2024,26.0,Toneladas,182.0
1507151,3,2021,0.0,Toneladas,0.0
1507151,3,2022,0.0,Toneladas,0.0
1507151,3,2023,0.0,Toneladas,0.0
1507151,3,2024,0.0,Toneladas,0.0
1507201,1,2021,4500.0,Toneladas,24750.0
1507201,1,2022,4200.0,Toneladas,16590.0
1507201,1,2023,4500.0,Toneladas,14175.0
1507201,1,2024,4650.0,Toneladas,14880.0
1507201,2,2021,4.0,Toneladas,28.0
1507201,2,2022,5.0,Toneladas,36.0
1507201,2,2023,5.0,Toneladas,50.0
1507201,2,2024,6.0,Toneladas,50.0
1507201,3,2021,0.0,Toneladas,0.0
1507201,3,2022,0.0,Toneladas,0.0
1507201,3,2023,0.0,Toneladas,0.0
1507201,3,2024,0.0,Toneladas,0.0
1507300,1,2021,0.0,Toneladas,0.0
1507300,1,2022,0.0,Toneladas,0.0
1507300,1,2023,0.0,Toneladas,0.0
1507300,1,2024,0.0,Toneladas,0.0
1507300,2,2021,211.0,Toneladas,950.0
1507300,2,2022,212.0,Toneladas,1060.0
1507300,2,2023,220.0,Toneladas,1100.0
1507300,2,2024,60.0,Toneladas,348.0
1507300,3,2021,0.0,Toneladas,0.0
1507300,3,2022,0.0,Toneladas,0.0
1507300,3,2023,0.0,Toneladas,0.0
1507300,3,2024,0.0,Toneladas,0.0
1507409,1,2021,100.0,Toneladas,550.0
1507409,1,2022,120.0,Toneladas,474.0
1507409,1,2023,150.0,Toneladas,473.0
1507409,1,2024,152.0,Toneladas,524.0
1507409,2,2021,0.0,Toneladas,0.0
1507409,2,2022,0.0,Toneladas,0.0
1507409,2,2023,0.0,Toneladas,0.0
1507409,2,2024,0.0,Toneladas,0.0
1507409,3,2021,0.0,Toneladas,0.0
1507409,3,2022,0.0,Toneladas,0.0
1507409,3,2023,0.0,Toneladas,0.0
1507409,3,2024,0.0,Toneladas,0.0
1507458,1,2021,0.0,Toneladas,0.0
1507458,1,2022,0.0,Toneladas,0.0
1507458,1,2023,0.0,Toneladas,0.0
1507458,1,2024,0.0,Toneladas,0.0
1507458,2,2021,10.0,Toneladas,59.0
1507458,2,2022,10.0,Toneladas,65.0
1507458,2,2023,9.0,Toneladas,55.0
1507458,2,2024,9.0,Toneladas,60.0
1507458,3,2021,0.0,Toneladas,0.0
1507458,3,2022,0.0,Toneladas,0.0
1507458,3,2023,0.0,Toneladas,0.0
1507458,3,2024,0.0,Toneladas,0.0
1507466,1,2021,20.0,Toneladas,110.0
1507466,1,2022,22.0,Toneladas,87.0
1507466,1,2023,25.0,Toneladas,79.0
1507466,1,2024,26.0,Toneladas,82.0
1507466,2,2021,0.0,Toneladas,0.0
1507466,2,2022,0.0,Toneladas,0.0
1507466,2,2023,0.0,Toneladas,0.0
1507466,2,2024,0.0,Toneladas,0.0
1507466,3,2021,0.0,Toneladas,0.0
1507466,3,2022,0.0,Toneladas,0.0
1507466,3,2023,0.0,Toneladas,0.0
1507466,3,2024,0.0,Toneladas,0.0
1507474,1,2021,5.0,Toneladas,16.0
1507474,1,2022,5.0,Toneladas,17.0
1507474,1,2023,6.0,Toneladas,21.0
1507474,1,2024,6.0,Toneladas,30.0
1507474,2,2021,0.0,Toneladas,0.0
1507474,2,2022,0.0,Toneladas,0.0
1507474,2,2023,0.0,Toneladas,0.0
1507474,2,2024,0.0,Toneladas,0.0
1507474,3,2021,0.0,Toneladas,0.0
1507474,3,2022,0.0,Toneladas,0.0
1507474,3,2023,0.0,Toneladas,0.0
1507474,3,2024,0.0,Toneladas,0.0
1507508,1,2021,18.0,Toneladas,45.0
1507508,1,2022,18.0,Toneladas,54.0
1507508,1,2023,17.0,Toneladas,61.0
1507508,1,2024,18.0,Toneladas,72.0
1507508,2,2021,6.0,Toneladas,37.0
1507508,2,2022,6.0,Toneladas,39.0
1507508,2,2023,6.0,Toneladas,33.0
1507508,2,2024,5.0,Toneladas,37.0
1507508,3,2021,0.0,Toneladas,0.0
1507508,3,2022,0.0,Toneladas,0.0
1507508,3,2023,0.0,Toneladas,0.0
1507508,3,2024,0.0,Toneladas,0.0
1507607,1,2021,3300.0,Toneladas,18150.0
1507607,1,2022,3500.0,Toneladas,13825.0
1507607,1,2023,4000.0,Toneladas,12600.0
1507607,1,2024,4500.0,Toneladas,14400.0
1507607,2,2021,0.0,Toneladas,0.0
1507607,2,2022,0.0,Toneladas,0.0
1507607,2,2023,0.0,Toneladas,0.0
1507607,2,2024,0.0,Toneladas,0.0
1507607,3,2021,0.0,Toneladas,0.0
1507607,3,2022,0.0,Toneladas,0.0
1507607,3,2023,0.0,Toneladas,0.0
1507607,3,2024,0.0,Toneladas,0.0
1507706,1,2021,5500.0,Toneladas,17600.0
1507706,1,2022,4500.0,Toneladas,15750.0
1507706,1,2023,3800.0,Toneladas,14820.0
1507706,1,2024,4100.0,Toneladas,18860.0
1507706,2,2021,0.0,Toneladas,0.0
1507706,2,2022,0.0,Toneladas,0.0
1507706,2,2023,0.0,Toneladas,0.0
1507706,2,2024,0.0,Toneladas,0.0
1507706,3,2021,0.0,Toneladas,0.0
1507706,3,2022,0.0,Toneladas,0.0
1507706,3,2023,0.0,Toneladas,0.0
1507706,3,2024,0.0,Toneladas,0.0
1507755,1,2021,,Toneladas,
1507755,1,2022,,Toneladas,
1507755,1,2023,,Toneladas,
1507755,1,2024,,Toneladas,
1507755,2,2021,,Toneladas,
1507755,2,2022,,Toneladas,
1507755,2,2023,,Toneladas,
1507755,2,2024,,Toneladas,
1507755,3,2021,,Toneladas,
1507755,3,2022,,Toneladas,
1507755,3,2023,,Toneladas,
1507755,3,2024,,Toneladas,
1507805,1,2021,23.0,Toneladas,50.0
1507805,1,2022,25.0,Toneladas,63.0
1507805,1,2023,40.0,Toneladas,100.0
1507805,1,2024,38.0,Toneladas,114.0
1507805,2,2021,9.0,Toneladas,26.0
1507805,2,2022,30.0,Toneladas,90.0
1507805,2,2023,35.0,Toneladas,158.0
1507805,2,2024,20.0,Toneladas,100.0
1507805,3,2021,0.0,Toneladas,4.0
1507805,3,2022,0.0,Toneladas,4.0
1507805,3,2023,0.0,Toneladas,6.0
1507805,3,2024,0.0,Toneladas,10.0
1507904,1,2021,0.0,Toneladas,0.0
1507904,1,2022,0.0,Toneladas,0.0
1507904,1,2023,0.0,Toneladas,0.0
1507904,1,2024,0.0,Toneladas,0.0
1507904,2,2021,0.0,Toneladas,0.0
1507904,2,2022,0.0,Toneladas,0.0
1507904,2,2023,0.0,Toneladas,0.0
1507904,2,2024,0.0,Toneladas,0.0
1507904,3,2021,0.0,Toneladas,0.0
1507904,3,2022,0.0,Toneladas,0.0
1507904,3,2023,0.0,Toneladas,0.0
1507904,3,2024,0.0,Toneladas,0.0
1507953,1,2021,129.0,Toneladas,774.0
1507953,1,2022,128.0,Toneladas,832.0
1507953,1,2023,126.0,Toneladas,882.0
1507953,1,2024,127.0,Toneladas,902.0
1507953,2,2021,0.0,Toneladas,0.0
1507953,2,2022,0.0,Toneladas,0.0
1507953,2,2023,0.0,Toneladas,0.0
1507953,2,2024,0.0,Toneladas,0.0
1507953,3,2021,0.0,Toneladas,0.0
1507953,3,2022,0.0,Toneladas,0.0
1507953,3,2023,0.0,Toneladas,0.0
1507953,3,2024,0.0,Toneladas,0.0
1507961,1,2021,65.0,Toneladas,358.0
1507961,1,2022,70.0,Toneladas,277.0
1507961,1,2023,80.0,Toneladas,252.0
1507961,1,2024,88.0,Toneladas,282.0
1507961,2,2021,0.0,Toneladas,0.0
1507961,2,2022,0.0,Toneladas,0.0
1507961,2,2023,0.0,Toneladas,0.0
1507961,2,2024,0.0,Toneladas,0.0
1507961,3,2021,0.0,Toneladas,0.0
1507961,3,2022,0.0,Toneladas,0.0
1507961,3,2023,0.0,Toneladas,0.0
1507961,3,2024,0.0,Toneladas,0.0
1507979,1,2021,4.0,Toneladas,9.0
1507979,1,2022,3.0,Toneladas,9.0
1507979,1,2023,2.0,Toneladas,7.0
1507979,1,2024,2.0,Toneladas,9.0
1507979,2,2021,118.0,Toneladas,296.0
1507979,2,2022,105.0,Toneladas,284.0
1507979,2,2023,110.0,Toneladas,265.0
1507979,2,2024,198.0,Toneladas,1154.0
1507979,3,2021,0.0,Toneladas,1.0
1507979,3,2022,0.0,Toneladas,1.0
1507979,3,2023,0.0,Toneladas,1.0
1507979,3,2024,0.0,Toneladas,1.0
1508001,1,2021,185.0,Toneladas,500.0
1508001,1,2022,188.0,Toneladas,526.0
1508001,1,2023,220.0,Toneladas,748.0
1508001,1,2024,230.0,Toneladas,1380.0
1508001,2,2021,137.0,Toneladas,685.0
1508001,2,2022,138.0,Toneladas,715.0
1508001,2,2023,127.0,Toneladas,635.0
1508001,2,2024,130.0,Toneladas,650.0
1508001,3,2021,0.0,Toneladas,0.0
1508001,3,2022,0.0,Toneladas,0.0
1508001,3,2023,0.0,Toneladas,0.0
1508001,3,2024,0.0,Toneladas,0.0
1508035,1,2021,75.0,Toneladas,195.0
1508035,1,2022,76.0,Toneladas,228.0
1508035,1,2023,78.0,Toneladas,218.0
1508035,1,2024,80.0,Toneladas,256.0
1508035,2,2021,0.0,Toneladas,0.0
1508035,2,2022,0.0,Toneladas,0.0
1508035,2,2023,0.0,Toneladas,0.0
1508035,2,2024,0.0,Toneladas,0.0
1508035,3,2021,0.0,Toneladas,0.0
1508035,3,2022,0.0,Toneladas,0.0
1508035,3,2023,0.0,Toneladas,0.0
1508035,3,2024,0.0,Toneladas,0.0
1508050,1,2021,9.0,Toneladas,28.0
1508050,1,2022,11.0,Toneladas,39.0
1508050,1,2023,13.0,Toneladas,52.0
1508050,1,2024,12.0,Toneladas,44.0
1508050,2,2021,6.0,Toneladas,17.0
1508050,2,2022,5.0,Toneladas,17.0
1508050,2,2023,6.0,Toneladas,19.0
1508050,2,2024,5.0,Toneladas,18.0
1508050,3,2021,0.0,Toneladas,0.0
1508050,3,2022,0.0,Toneladas,0.0
1508050,3,2023,0.0,Toneladas,0.0
1508050,3,2024,0.0,Toneladas,0.0
1508084,1,2021,,Toneladas,
1508084,1,2022,0.0,Toneladas,0.0
1508084,1,2023,0.0,Toneladas,0.0
1508084,1,2024,0.0,Toneladas,0.0
1508084,2,2021,,Toneladas,
1508084,2,2022,29.0,Toneladas,144.0
1508084,2,2023,30.0,Toneladas,150.0
1508084,2,2024,14.0,Toneladas,81.0
1508084,3,2021,,Toneladas,
1508084,3,2022,0.0,Toneladas,0.0
1508084,3,2023,0.0,Toneladas,0.0
1508084,3,2024,0.0,Toneladas,0.0
1508100,1,2021,205.0,Toneladas,659.0
1508100,1,2022,144.0,Toneladas,496.0
1508100,1,2023,79.0,Toneladas,259.0
1508100,1,2024,30.0,Toneladas,120.0
1508100,2,2021,3.0,Toneladas,14.0
1508100,2,2022,4.0,Toneladas,20.0
1508100,2,2023,4.0,Toneladas,16.0
1508100,2,2024,0.0,Toneladas,0.0
1508100,3,2021,0.0,Toneladas,0.0
1508100,3,2022,0.0,Toneladas,0.0
1508100,3,2023,0.0,Toneladas,0.0
1508100,3,2024,0.0,Toneladas,1.0
1508126,1,2021,0.0,Toneladas,0.0
1508126,1,2022,0.0,Toneladas,0.0
1508126,1,2023,0.0,Toneladas,0.0
1508126,1,2024,0.0,Toneladas,0.0
1508126,2,2021,0.0,Toneladas,0.0
1508126,2,2022,0.0,Toneladas,0.0
1508126,2,2023,0.0,Toneladas,0.0
1508126,2,2024,0.0,Toneladas,0.0
1508126,3,2021,0.0,Toneladas,0.0
1508126,3,2022,0.0,Toneladas,0.0
1508126,3,2023,0.0,Toneladas,0.0
1508126,3,2024,0.0,Toneladas,0.0
1508159,1,2021,23.0,Toneladas,53.0
1508159,1,2022,50.0,Toneladas,150.0
1508159,1,2023,51.0,Toneladas,152.0
1508159,1,2024,43.0,Toneladas,150.0
1508159,2,2021,1.0,Toneladas,4.0
1508159,2,2022,100.0,Toneladas,450.0
1508159,2,2023,120.0,Toneladas,480.0
1508159,2,2024,50.0,Toneladas,200.0
1508159,3,2021,0.0,Toneladas,1.0
1508159,3,2022,1.0,Toneladas,80.0
1508159,3,2023,1.0,Toneladas,90.0
1508159,3,2024,1.0,Toneladas,81.0
1508209,1,2021,58.0,Toneladas,151.0
1508209,1,2022,60.0,Toneladas,179.0
1508209,1,2023,70.0,Toneladas,242.0
1508209,1,2024,80.0,Toneladas,480.0
1508209,2,2021,0.0,Toneladas,0.0
1508209,2,2022,0.0,Toneladas,0.0
1508209,2,2023,0.0,Toneladas,0.0
1508209,2,2024,0.0,Toneladas,0.0
1508209,3,2021,0.0,Toneladas,0.0
1508209,3,2022,0.0,Toneladas,0.0
1508209,3,2023,0.0,Toneladas,0.0
1508209,3,2024,0.0,Toneladas,0.0
1508308,1,2021,598.0,Toneladas,1196.0
1508308,1,2022,428.0,Toneladas,1241.0
1508308,1,2023,475.0,Toneladas,1425.0
1508308,1,2024,452.0,Toneladas,1582.0
1508308,2,2021,0.0,Toneladas,0.0
1508308,2,2022,0.0,Toneladas,0.0
1508308,2,2023,0.0,Toneladas,0.0
1508308,2,2024,0.0,Toneladas,0.0
1508308,3,2021,0.0,Toneladas,0.0
1508308,3,2022,0.0,Toneladas,0.0
1508308,3,2023,0.0,Toneladas,0.0
1508308,3,2024,0.0,Toneladas,0.0
1508357,1,2021,35.0,Toneladas,84.0
1508357,1,2022,40.0,Toneladas,100.0
1508357,1,2023,35.0,Toneladas,112.0
1508357,1,2024,30.0,Toneladas,105.0
1508357,2,2021,15.0,Toneladas,53.0
1508357,2,2022,20.0,Toneladas,90.0
1508357,2,2023,22.0,Toneladas,99.0
1508357,2,2024,19.0,Toneladas,86.0
1508357,3,2021,0.0,Toneladas,5.0
1508357,3,2022,0.0,Toneladas,6.0
1508357,3,2023,0.0,Toneladas,10.0
1508357,3,2024,0.0,Toneladas,9.0
1508407,1,2021,,Toneladas,
1508407,1,2022,,Toneladas,
1508407,1,2023,,Toneladas,
1508407,1,2024,,Toneladas,
1508407,2,2021,,Toneladas,
1508407,2,2022,,Toneladas,
1508407,2,2023,,Toneladas,
1508407,2,2024,,Toneladas,
1508407,3,2021,,Toneladas,
1508407,3,2022,,Toneladas,
1508407,3,2023,,Toneladas,
1508407,3,2024,,Toneladas,
1600055,1,2021,131.0,Toneladas,302.0
1600055,1,2022,134.0,Toneladas,349.0
1600055,1,2023,134.0,Toneladas,375.0
1600055,1,2024,143.0,Toneladas,443.0
1600055,2,2021,0.0,Toneladas,0.0
1600055,2,2022,0.0,Toneladas,0.0
1600055,2,2023,0.0,Toneladas,0.0
1600055,2,2024,0.0,Toneladas,0.0
1600055,3,2021,0.0,Toneladas,0.0
1600055,3,2022,0.0,Toneladas,0.0
1600055,3,2023,0.0,Toneladas,0.0
1600055,3,2024,0.0,Toneladas,0.0
1600105,1,2021,50.0,Toneladas,76.0
1600105,1,2022,53.0,Toneladas,95.0
1600105,1,2023,51.0,Toneladas,103.0
1600105,1,2024,55.0,Toneladas,120.0
1600105,2,2021,0.0,Toneladas,0.0
1600105,2,2022,0.0,Toneladas,0.0
1600105,2,2023,0.0,Toneladas,0.0
1600105,2,2024,0.0,Toneladas,0.0
1600105,3,2021,0.0,Toneladas,0.0
1600105,3,2022,0.0,Toneladas,0.0
1600105,3,2023,0.0,Toneladas,0.0
1600105,3,2024,0.0,Toneladas,0.0
1600154,1,2021,101.0,Toneladas,261.0
1600154,1,2022,104.0,Toneladas,291.0
1600154,1,2023,113.0,Toneladas,327.0
1600154,1,2024,125.0,Toneladas,413.0
1600154,2,2021,0.0,Toneladas,0.0
1600154,2,2022,0.0,Toneladas,0.0
1600154,2,2023,0.0,Toneladas,0.0
1600154,2,2024,0.0,Toneladas,0.0
1600154,3,2021,0.0,Toneladas,0.0
1600154,3,2022,0.0,Toneladas,0.0
1600154,3,2023,0.0,Toneladas,0.0
1600154,3,2024,0.0,Toneladas,0.0
1600204,1,2021,208.0,Toneladas,521.0
1600204,1,2022,226.0,Toneladas,633.0
1600204,1,2023,218.0,Toneladas,654.0
1600204,1,2024,240.0,Toneladas,793.0
1600204,2,2021,0.0,Toneladas,0.0
1600204,2,2022,0.0,Toneladas,0.0
1600204,2,2023,0.0,Toneladas,0.0
1600204,2,2024,0.0,Toneladas,0.0
1600204,3,2021,0.0,Toneladas,0.0
1600204,3,2022,0.0,Toneladas,0.0
1600204,3,2023,0.0,Toneladas,0.0
1600204,3,2024,0.0,Toneladas,0.0
1600212,1,2021,53.0,Toneladas,121.0
1600212,1,2022,51.0,Toneladas,133.0
1600212,1,2023,53.0,Toneladas,150.0
1600212,1,2024,55.0,Toneladas,165.0
1600212,2,2021,0.0,Toneladas,0.0
1600212,2,2022,0.0,Toneladas,0.0
1600212,2,2023,0.0,Toneladas,0.0
1600212,2,2024,0.0,Toneladas,0.0
1600212,3,2021,0.0,Toneladas,0.0
1600212,3,2022,0.0,Toneladas,0.0
1600212,3,2023,0.0,Toneladas,0.0
1600212,3,2024,0.0,Toneladas,0.0
1600238,1,2021,65.0,Toneladas,149.0
1600238,1,2022,66.0,Toneladas,184.0
1600238,1,2023,62.0,Toneladas,186.0
1600238,1,2024,67.0,Toneladas,213.0
1600238,2,2021,0.0,Toneladas,0.0
1600238,2,2022,0.0,Toneladas,0.0
1600238,2,2023,0.0,Toneladas,0.0
1600238,2,2024,0.0,Toneladas,0.0
1600238,3,2021,0.0,Toneladas,0.0
1600238,3,2022,0.0,Toneladas,0.0
1600238,3,2023,0.0,Toneladas,0.0
1600238,3,2024,0.0,Toneladas,0.0
1600253,1,2021,77.0,Toneladas,185.0
1600253,1,2022,79.0,Toneladas,221.0
1600253,1,2023,75.0,Toneladas,226.0
1600253,1,2024,77.0,Toneladas,248.0
1600253,2,2021,0.0,Toneladas,0.0
1600253,2,2022,0.0,Toneladas,0.0
1600253,2,2023,0.0,Toneladas,0.0
1600253,2,2024,0.0,Toneladas,0.0
1600253,3,2021,0.0,Toneladas,0.0
1600253,3,2022,0.0,Toneladas,0.0
1600253,3,2023,0.0,Toneladas,0.0
1600253,3,2024,0.0,Toneladas,0.0
1600279,1,2021,140.0,Toneladas,363.0
1600279,1,2022,142.0,Toneladas,427.0
1600279,1,2023,141.0,Toneladas,443.0
1600279,1,2024,151.0,Toneladas,544.0
1600279,2,2021,81.0,Toneladas,226.0
1600279,2,2022,78.0,Toneladas,240.0
1600279,2,2023,74.0,Toneladas,245.0
1600279,2,2024,72.0,Toneladas,267.0
1600279,3,2021,0.0,Toneladas,0.0
1600279,3,2022,0.0,Toneladas,0.0
1600279,3,2023,0.0,Toneladas,0.0
1600279,3,2024,0.0,Toneladas,0.0
1600303,1,2021,852.0,Toneladas,2129.0
1600303,1,2022,881.0,Toneladas,2468.0
1600303,1,2023,930.0,Toneladas,2790.0
1600303,1,2024,1038.0,Toneladas,3321.0
1600303,2,2021,0.0,Toneladas,0.0
1600303,2,2022,0.0,Toneladas,0.0
1600303,2,2023,0.0,Toneladas,0.0
1600303,2,2024,0.0,Toneladas,0.0
1600303,3,2021,0.0,Toneladas,0.0
1600303,3,2022,0.0,Toneladas,0.0
1600303,3,2023,0.0,Toneladas,0.0
1600303,3,2024,0.0,Toneladas,0.0
1600402,1,2021,551.0,Toneladas,1323.0
1600402,1,2022,578.0,Toneladas,1617.0
1600402,1,2023,545.0,Toneladas,1636.0
1600402,1,2024,582.0,Toneladas,1920.0
1600402,2,2021,88.0,Toneladas,219.0
1600402,2,2022,85.0,Toneladas,264.0
1600402,2,2023,80.0,Toneladas,271.0
1600402,2,2024,77.0,Toneladas,291.0
1600402,3,2021,0.0,Toneladas,0.0
1600402,3,2022,0.0,Toneladas,0.0
1600402,3,2023,0.0,Toneladas,0.0
1600402,3,2024,0.0,Toneladas,0.0
1600501,1,2021,142.0,Toneladas,383.0
1600501,1,2022,148.0,Toneladas,460.0
1600501,1,2023,154.0,Toneladas,500.0
1600501,1,2024,167.0,Toneladas,636.0
1600501,2,2021,0.0,Toneladas,0.0
1600501,2,2022,0.0,Toneladas,0.0
1600501,2,2023,0.0,Toneladas,0.0
1600501,2,2024,0.0,Toneladas,0.0
1600501,3,2021,0.0,Toneladas,0.0
1600501,3,2022,0.0,Toneladas,0.0
1600501,3,2023,0.0,Toneladas,0.0
1600501,3,2024,0.0,Toneladas,0.0
1600535,1,2021,158.0,Toneladas,395.0
1600535,1,2022,164.0,Toneladas,458.0
1600535,1,2023,153.0,Toneladas,473.0
1600535,1,2024,166.0,Toneladas,598.0
1600535,2,2021,0.0,Toneladas,0.0
1600535,2,2022,0.0,Toneladas,0.0
1600535,2,2023,0.0,Toneladas,0.0
1600535,2,2024,0.0,Toneladas,0.0
1600535,3,2021,0.0,Toneladas,0.0
1600535,3,2022,0.0,Toneladas,0.0
1600535,3,2023,0.0,Toneladas,0.0
1600535,3,2024,0.0,Toneladas,0.0
1600550,1,2021,44.0,Toneladas,102.0
1600550,1,2022,43.0,Toneladas,108.0
1600550,1,2023,41.0,Toneladas,115.0
1600550,1,2024,46.0,Toneladas,138.0
1600550,2,2021,0.0,Toneladas,0.0
1600550,2,2022,0.0,Toneladas,0.0
1600550,2,2023,0.0,Toneladas,0.0
1600550,2,2024,0.0,Toneladas,0.0
1600550,3,2021,0.0,Toneladas,0.0
1600550,3,2022,0.0,Toneladas,0.0
1600550,3,2023,0.0,Toneladas,0.0
1600550,3,2024,0.0,Toneladas,0.0
1600600,1,2021,420.0,Toneladas,965.0
1600600,1,2022,408.0,Toneladas,1061.0
1600600,1,2023,409.0,Toneladas,1186.0
1600600,1,2024,449.0,Toneladas,1436.0
1600600,2,2021,0.0,Toneladas,0.0
1600600,2,2022,0.0,Toneladas,0.0
1600600,2,2023,0.0,Toneladas,0.0
1600600,2,2024,0.0,Toneladas,0.0
1600600,3,2021,0.0,Toneladas,0.0
1600600,3,2022,0.0,Toneladas,0.0
1600600,3,2023,0.0,Toneladas,0.0
1600600,3,2024,0.0,Toneladas,0.0
1600709,1,2021,118.0,Toneladas,272.0
1600709,1,2022,121.0,Toneladas,339.0
1600709,1,2023,113.0,Toneladas,351.0
1600709,1,2024,124.0,Toneladas,423.0
1600709,2,2021,0.0,Toneladas,0.0
1600709,2,2022,0.0,Toneladas,0.0
1600709,2,2023,0.0,Toneladas,0.0
1600709,2,2024,0.0,Toneladas,0.0
1600709,3,2021,0.0,Toneladas,0.0
1600709,3,2022,0.0,Toneladas,0.0
1600709,3,2023,0.0,Toneladas,0.0
1600709,3,2024,0.0,Toneladas,0.0
1600808,1,2021,98.0,Toneladas,254.0
1600808,1,2022,100.0,Toneladas,310.0
1600808,1,2023,104.0,Toneladas,337.0
1600808,1,2024,113.0,Toneladas,431.0
1600808,2,2021,229.0,Toneladas,527.0
1600808,2,2022,237.0,Toneladas,664.0
1600808,2,2023,231.0,Toneladas,678.0
1600808,2,2024,246.0,Toneladas,813.0
1600808,3,2021,0.0,Toneladas,0.0
1600808,3,2022,0.0,Toneladas,0.0
1600808,3,2023,0.0,Toneladas,0.0
1600808,3,2024,0.0,Toneladas,0.0
